,geo,name,time,Democracy index (EIU)
0,AFG,Afghanistan,2006-01-01,30.6
1,AFG,Afghanistan,2007-01-01,30.4
2,AFG,Afghanistan,2008-01-01,30.2
3,AFG,Afghanistan,2009-01-01,27.5
4,AFG,Afghanistan,2010-01-01,24.8
5,AFG,Afghanistan,2011-01-01,24.8
6,AFG,Afghanistan,2012-01-01,24.8
7,AFG,Afghanistan,2013-01-01,24.8
8,AFG,Afghanistan,2014-01-01,27.7
9,AFG,Afghanistan,2015-01-01,27.7
10,AFG,Afghanistan,2016-01-01,25.5
11,AFG,Afghanistan,2017-01-01,25.5
12,AFG,Afghanistan,2018-01-01,29.7
13,AFG,Afghanistan,2019-01-01,28.5
14,AFG,Afghanistan,2020-01-01,28.5
15,ALB,Albania,2006-01-01,59.1
16,ALB,Albania,2007-01-01,59.1
17,ALB,Albania,2008-01-01,59.1
18,ALB,Albania,2009-01-01,58.85
19,ALB,Albania,2010-01-01,58.6
20,ALB,Albania,2011-01-01,58.1
21,ALB,Albania,2012-01-01,56.7
22,ALB,Albania,2013-01-01,56.7
23,ALB,Albania,2014-01-01,56.7
24,ALB,Albania,2015-01-01,59.1
25,ALB,Albania,2016-01-01,59.1
26,ALB,Albania,2017-01-01,59.8
27,ALB,Albania,2018-01-01,59.8
28,ALB,Albania,2019-01-01,58.9
29,ALB,Albania,2020-01-01,60.8
30,DZA,Algeria,2006-01-01,31.7
31,DZA,Algeria,2007-01-01,32.45
32,DZA,Algeria,2008-01-01,33.2
33,DZA,Algeria,2009-01-01,33.8
34,DZA,Algeria,2010-01-01,34.4
35,DZA,Algeria,2011-01-01,34.4
36,DZA,Algeria,2012-01-01,38.3
37,DZA,Algeria,2013-01-01,38.3
38,DZA,Algeria,2014-01-01,38.3
39,DZA,Algeria,2015-01-01,39.5
40,DZA,Algeria,2016-01-01,35.6
41,DZA,Algeria,2017-01-01,35.6
42,DZA,Algeria,2018-01-01,35.0
43,DZA,Algeria,2019-01-01,40.1
44,AGO,Angola,2006-01-01,24.1
45,AGO,Angola,2007-01-01,28.8
46,AGO,Angola,2008-01-01,33.5
47,AGO,Angola,2009-01-01,33.35
48,AGO,Angola,2010-01-01,33.2
49,AGO,Angola,2011-01-01,33.2
50,AGO,Angola,2012-01-01,33.5
51,AGO,Angola,2013-01-01,33.5
52,AGO,Angola,2014-01-01,33.5
53,AGO,Angola,2015-01-01,33.5
54,AGO,Angola,2016-01-01,34.0
55,AGO,Angola,2017-01-01,36.2
56,AGO,Angola,2018-01-01,36.2
57,AGO,Angola,2019-01-01,37.2
58,AGO,Angola,2020-01-01,36.6
59,ARG,Argentina,2006-01-01,66.3
60,ARG,Argentina,2007-01-01,66.3
61,ARG,Argentina,2008-01-01,66.3
62,ARG,Argentina,2009-01-01,67.35
63,ARG,Argentina,2010-01-01,68.4
64,ARG,Argentina,2011-01-01,68.4
65,ARG,Argentina,2012-01-01,68.4
66,ARG,Argentina,2013-01-01,68.4
67,ARG,Argentina,2014-01-01,68.4
68,ARG,Argentina,2015-01-01,70.2
69,ARG,Argentina,2016-01-01,69.6
70,ARG,Argentina,2017-01-01,69.6
71,ARG,Argentina,2018-01-01,70.2
72,ARG,Argentina,2019-01-01,70.2
73,ARG,Argentina,2020-01-01,69.5
74,ARM,Armenia,2006-01-01,41.5
75,ARM,Armenia,2007-01-01,41.2
76,ARM,Armenia,2008-01-01,40.9
77,ARM,Armenia,2009-01-01,40.9
78,ARM,Armenia,2010-01-01,40.9
79,ARM,Armenia,2011-01-01,40.9
80,ARM,Armenia,2012-01-01,40.9
81,ARM,Armenia,2013-01-01,40.2
82,ARM,Armenia,2014-01-01,41.3
83,ARM,Armenia,2015-01-01,40.0
84,ARM,Armenia,2016-01-01,38.8
85,ARM,Armenia,2017-01-01,41.1
86,ARM,Armenia,2018-01-01,47.9
87,ARM,Armenia,2019-01-01,55.4
88,ARM,Armenia,2020-01-01,53.5
89,AUS,Australia,2006-01-01,90.9
90,AUS,Australia,2007-01-01,90.9
91,AUS,Australia,2008-01-01,90.9
92,AUS,Australia,2009-01-01,91.55
93,AUS,Australia,2010-01-01,92.2
94,AUS,Australia,2011-01-01,92.2
95,AUS,Australia,2012-01-01,92.2
96,AUS,Australia,2013-01-01,91.3
97,AUS,Australia,2014-01-01,90.1
98,AUS,Australia,2015-01-01,90.1
99,AUS,Australia,2016-01-01,90.1
100,AUS,Australia,2017-01-01,90.9
101,AUS,Australia,2018-01-01,90.9
102,AUS,Australia,2019-01-01,90.9
103,AUS,Australia,2020-01-01,89.6
104,AUT,Austria,2006-01-01,86.9
105,AUT,Austria,2007-01-01,85.9
106,AUT,Austria,2008-01-01,84.9
107,AUT,Austria,2009-01-01,84.9
108,AUT,Austria,2010-01-01,84.9
109,AUT,Austria,2011-01-01,84.9
110,AUT,Austria,2012-01-01,86.2
111,AUT,Austria,2013-01-01,84.8
112,AUT,Austria,2014-01-01,85.4
113,AUT,Austria,2015-01-01,85.4
114,AUT,Austria,2016-01-01,84.1
115,AUT,Austria,2017-01-01,84.2
116,AUT,Austria,2018-01-01,82.9
117,AUT,Austria,2019-01-01,82.9
118,AUT,Austria,2020-01-01,81.6
119,AZE,Azerbaijan,2006-01-01,33.1
120,AZE,Azerbaijan,2007-01-01,32.5
121,AZE,Azerbaijan,2008-01-01,31.9
122,AZE,Azerbaijan,2009-01-01,31.7
123,AZE,Azerbaijan,2010-01-01,31.5
124,AZE,Azerbaijan,2011-01-01,31.5
125,AZE,Azerbaijan,2012-01-01,31.5
126,AZE,Azerbaijan,2013-01-01,30.6
127,AZE,Azerbaijan,2014-01-01,28.3
128,AZE,Azerbaijan,2015-01-01,27.1
129,AZE,Azerbaijan,2016-01-01,26.5
130,AZE,Azerbaijan,2017-01-01,26.5
131,AZE,Azerbaijan,2018-01-01,26.5
132,AZE,Azerbaijan,2019-01-01,27.5
133,AZE,Azerbaijan,2020-01-01,26.8
134,BHR,Bahrain,2006-01-01,35.3
135,BHR,Bahrain,2007-01-01,34.55
136,BHR,Bahrain,2008-01-01,33.8
137,BHR,Bahrain,2009-01-01,34.35
138,BHR,Bahrain,2010-01-01,34.9
139,BHR,Bahrain,2011-01-01,29.2
140,BHR,Bahrain,2012-01-01,25.3
141,BHR,Bahrain,2013-01-01,28.7
142,BHR,Bahrain,2014-01-01,28.7
143,BHR,Bahrain,2015-01-01,27.9
144,BHR,Bahrain,2016-01-01,27.9
145,BHR,Bahrain,2017-01-01,27.1
146,BHR,Bahrain,2018-01-01,27.1
147,BHR,Bahrain,2019-01-01,25.5
148,BHR,Bahrain,2020-01-01,24.9
149,BGD,Bangladesh,2006-01-01,61.1
150,BGD,Bangladesh,2007-01-01,58.15
151,BGD,Bangladesh,2008-01-01,55.2
152,BGD,Bangladesh,2009-01-01,56.95
153,BGD,Bangladesh,2010-01-01,58.7
154,BGD,Bangladesh,2011-01-01,58.6
155,BGD,Bangladesh,2012-01-01,58.6
156,BGD,Bangladesh,2013-01-01,58.6
157,BGD,Bangladesh,2014-01-01,57.8
158,BGD,Bangladesh,2015-01-01,57.3
159,BGD,Bangladesh,2016-01-01,57.3
160,BGD,Bangladesh,2017-01-01,54.3
161,BGD,Bangladesh,2018-01-01,55.7
162,BGD,Bangladesh,2019-01-01,58.8
163,BGD,Bangladesh,2020-01-01,59.9
164,BLR,Belarus,2006-01-01,33.4
165,BLR,Belarus,2007-01-01,33.4
166,BLR,Belarus,2008-01-01,33.4
167,BLR,Belarus,2009-01-01,33.4
168,BLR,Belarus,2010-01-01,33.4
169,BLR,Belarus,2011-01-01,31.6
170,BLR,Belarus,2012-01-01,30.4
171,BLR,Belarus,2013-01-01,30.4
172,BLR,Belarus,2014-01-01,36.9
173,BLR,Belarus,2015-01-01,36.2
174,BLR,Belarus,2016-01-01,35.4
175,BLR,Belarus,2017-01-01,31.3
176,BLR,Belarus,2018-01-01,31.3
177,BLR,Belarus,2019-01-01,24.8
178,BLR,Belarus,2020-01-01,25.9
179,BEL,Belgium,2006-01-01,81.5
180,BEL,Belgium,2007-01-01,81.55
181,BEL,Belgium,2008-01-01,81.6
182,BEL,Belgium,2009-01-01,81.05
183,BEL,Belgium,2010-01-01,80.5
184,BEL,Belgium,2011-01-01,80.5
185,BEL,Belgium,2012-01-01,80.5
186,BEL,Belgium,2013-01-01,80.5
187,BEL,Belgium,2014-01-01,79.3
188,BEL,Belgium,2015-01-01,79.3
189,BEL,Belgium,2016-01-01,77.7
190,BEL,Belgium,2017-01-01,77.8
191,BEL,Belgium,2018-01-01,77.8
192,BEL,Belgium,2019-01-01,76.4
193,BEL,Belgium,2020-01-01,75.1
194,BEN,Benin,2006-01-01,61.6
195,BEN,Benin,2007-01-01,61.1
196,BEN,Benin,2008-01-01,60.6
197,BEN,Benin,2009-01-01,61.15
198,BEN,Benin,2010-01-01,61.7
199,BEN,Benin,2011-01-01,60.6
200,BEN,Benin,2012-01-01,60.0
201,BEN,Benin,2013-01-01,58.7
202,BEN,Benin,2014-01-01,56.5
203,BEN,Benin,2015-01-01,57.2
204,BEN,Benin,2016-01-01,56.7
205,BEN,Benin,2017-01-01,56.1
206,BEN,Benin,2018-01-01,57.4
207,BEN,Benin,2019-01-01,50.9
208,BEN,Benin,2020-01-01,45.8
209,BTN,Bhutan,2006-01-01,26.2
210,BTN,Bhutan,2007-01-01,34.6
211,BTN,Bhutan,2008-01-01,43.0
212,BTN,Bhutan,2009-01-01,44.9
213,BTN,Bhutan,2010-01-01,46.8
214,BTN,Bhutan,2011-01-01,45.7
215,BTN,Bhutan,2012-01-01,46.5
216,BTN,Bhutan,2013-01-01,48.2
217,BTN,Bhutan,2014-01-01,48.7
218,BTN,Bhutan,2015-01-01,49.3
219,BTN,Bhutan,2016-01-01,49.3
220,BTN,Bhutan,2017-01-01,50.8
221,BTN,Bhutan,2018-01-01,53.0
222,BTN,Bhutan,2019-01-01,53.0
223,BTN,Bhutan,2020-01-01,57.1
224,BOL,Bolivia,2006-01-01,59.8
225,BOL,Bolivia,2007-01-01,60.65
226,BOL,Bolivia,2008-01-01,61.5
227,BOL,Bolivia,2009-01-01,60.35
228,BOL,Bolivia,2010-01-01,59.2
229,BOL,Bolivia,2011-01-01,58.4
230,BOL,Bolivia,2012-01-01,58.4
231,BOL,Bolivia,2013-01-01,57.9
232,BOL,Bolivia,2014-01-01,57.9
233,BOL,Bolivia,2015-01-01,57.5
234,BOL,Bolivia,2016-01-01,56.3
235,BOL,Bolivia,2017-01-01,54.9
236,BOL,Bolivia,2018-01-01,57.0
237,BOL,Bolivia,2019-01-01,48.4
238,BOL,Bolivia,2020-01-01,50.8
239,BIH,Bosnia and Herzegovina,2006-01-01,57.8
240,BIH,Bosnia and Herzegovina,2007-01-01,57.4
241,BIH,Bosnia and Herzegovina,2008-01-01,57.0
242,BIH,Bosnia and Herzegovina,2009-01-01,55.1
243,BIH,Bosnia and Herzegovina,2010-01-01,53.2
244,BIH,Bosnia and Herzegovina,2011-01-01,52.4
245,BIH,Bosnia and Herzegovina,2012-01-01,51.1
246,BIH,Bosnia and Herzegovina,2013-01-01,50.2
247,BIH,Bosnia and Herzegovina,2014-01-01,47.8
248,BIH,Bosnia and Herzegovina,2015-01-01,48.3
249,BIH,Bosnia and Herzegovina,2016-01-01,48.7
250,BIH,Bosnia and Herzegovina,2017-01-01,48.7
251,BIH,Bosnia and Herzegovina,2018-01-01,49.8
252,BIH,Bosnia and Herzegovina,2019-01-01,48.6
253,BIH,Bosnia and Herzegovina,2020-01-01,48.4
254,BWA,Botswana,2006-01-01,76.0
255,BWA,Botswana,2007-01-01,75.35
256,BWA,Botswana,2008-01-01,74.7
257,BWA,Botswana,2009-01-01,75.5
258,BWA,Botswana,2010-01-01,76.3
259,BWA,Botswana,2011-01-01,76.3
260,BWA,Botswana,2012-01-01,78.5
261,BWA,Botswana,2013-01-01,79.8
262,BWA,Botswana,2014-01-01,78.7
263,BWA,Botswana,2015-01-01,78.7
264,BWA,Botswana,2016-01-01,78.7
265,BWA,Botswana,2017-01-01,78.1
266,BWA,Botswana,2018-01-01,78.1
267,BWA,Botswana,2019-01-01,78.1
268,BWA,Botswana,2020-01-01,76.2
269,BRA,Brazil,2006-01-01,73.8
270,BRA,Brazil,2007-01-01,73.8
271,BRA,Brazil,2008-01-01,73.8
272,BRA,Brazil,2009-01-01,72.5
273,BRA,Brazil,2010-01-01,71.2
274,BRA,Brazil,2011-01-01,71.2
275,BRA,Brazil,2012-01-01,71.2
276,BRA,Brazil,2013-01-01,71.2
277,BRA,Brazil,2014-01-01,73.8
278,BRA,Brazil,2015-01-01,69.6
279,BRA,Brazil,2016-01-01,69.0
280,BRA,Brazil,2017-01-01,68.6
281,BRA,Brazil,2018-01-01,69.7
282,BRA,Brazil,2019-01-01,68.6
283,BRA,Brazil,2020-01-01,69.2
284,BGR,Bulgaria,2006-01-01,71.0
285,BGR,Bulgaria,2007-01-01,70.6
286,BGR,Bulgaria,2008-01-01,70.2
287,BGR,Bulgaria,2009-01-01,69.3
288,BGR,Bulgaria,2010-01-01,68.4
289,BGR,Bulgaria,2011-01-01,67.8
290,BGR,Bulgaria,2012-01-01,67.2
291,BGR,Bulgaria,2013-01-01,68.3
292,BGR,Bulgaria,2014-01-01,67.3
293,BGR,Bulgaria,2015-01-01,71.4
294,BGR,Bulgaria,2016-01-01,70.1
295,BGR,Bulgaria,2017-01-01,70.3
296,BGR,Bulgaria,2018-01-01,70.3
297,BGR,Bulgaria,2019-01-01,70.3
298,BGR,Bulgaria,2020-01-01,67.1
299,BFA,Burkina Faso,2006-01-01,37.2
300,BFA,Burkina Faso,2007-01-01,36.6
301,BFA,Burkina Faso,2008-01-01,36.0
302,BFA,Burkina Faso,2009-01-01,35.95
303,BFA,Burkina Faso,2010-01-01,35.9
304,BFA,Burkina Faso,2011-01-01,35.9
305,BFA,Burkina Faso,2012-01-01,35.2
306,BFA,Burkina Faso,2013-01-01,41.5
307,BFA,Burkina Faso,2014-01-01,40.9
308,BFA,Burkina Faso,2015-01-01,47.0
309,BFA,Burkina Faso,2016-01-01,47.0
310,BFA,Burkina Faso,2017-01-01,47.5
311,BFA,Burkina Faso,2018-01-01,47.5
312,BFA,Burkina Faso,2019-01-01,40.4
313,BFA,Burkina Faso,2020-01-01,37.3
314,BDI,Burundi,2006-01-01,45.1
315,BDI,Burundi,2007-01-01,45.1
316,BDI,Burundi,2008-01-01,45.1
317,BDI,Burundi,2009-01-01,42.6
318,BDI,Burundi,2010-01-01,40.1
319,BDI,Burundi,2011-01-01,40.1
320,BDI,Burundi,2012-01-01,36.0
321,BDI,Burundi,2013-01-01,34.1
322,BDI,Burundi,2014-01-01,33.3
323,BDI,Burundi,2015-01-01,24.9
324,BDI,Burundi,2016-01-01,24.0
325,BDI,Burundi,2017-01-01,23.3
326,BDI,Burundi,2018-01-01,23.3
327,BDI,Burundi,2019-01-01,21.5
328,BDI,Burundi,2020-01-01,21.4
329,KHM,Cambodia,2006-01-01,47.7
330,KHM,Cambodia,2007-01-01,48.2
331,KHM,Cambodia,2008-01-01,48.7
332,KHM,Cambodia,2009-01-01,48.7
333,KHM,Cambodia,2010-01-01,48.7
334,KHM,Cambodia,2011-01-01,48.7
335,KHM,Cambodia,2012-01-01,49.6
336,KHM,Cambodia,2013-01-01,46.0
337,KHM,Cambodia,2014-01-01,47.8
338,KHM,Cambodia,2015-01-01,42.7
339,KHM,Cambodia,2016-01-01,42.7
340,KHM,Cambodia,2017-01-01,36.3
341,KHM,Cambodia,2018-01-01,35.9
342,KHM,Cambodia,2019-01-01,35.3
343,KHM,Cambodia,2020-01-01,31.0
344,CMR,Cameroon,2006-01-01,32.7
345,CMR,Cameroon,2007-01-01,33.65
346,CMR,Cameroon,2008-01-01,34.6
347,CMR,Cameroon,2009-01-01,34.35
348,CMR,Cameroon,2010-01-01,34.1
349,CMR,Cameroon,2011-01-01,34.1
350,CMR,Cameroon,2012-01-01,34.4
351,CMR,Cameroon,2013-01-01,34.1
352,CMR,Cameroon,2014-01-01,34.1
353,CMR,Cameroon,2015-01-01,36.6
354,CMR,Cameroon,2016-01-01,34.6
355,CMR,Cameroon,2017-01-01,36.1
356,CMR,Cameroon,2018-01-01,32.8
357,CMR,Cameroon,2019-01-01,28.5
358,CMR,Cameroon,2020-01-01,27.7
359,CAN,Canada,2006-01-01,90.7
360,CAN,Canada,2007-01-01,90.7
361,CAN,Canada,2008-01-01,90.7
362,CAN,Canada,2009-01-01,90.75
363,CAN,Canada,2010-01-01,90.8
364,CAN,Canada,2011-01-01,90.8
365,CAN,Canada,2012-01-01,90.8
366,CAN,Canada,2013-01-01,90.8
367,CAN,Canada,2014-01-01,90.8
368,CAN,Canada,2015-01-01,90.8
369,CAN,Canada,2016-01-01,91.5
370,CAN,Canada,2017-01-01,91.5
371,CAN,Canada,2018-01-01,91.5
372,CAN,Canada,2019-01-01,92.2
373,CAN,Canada,2020-01-01,92.4
374,CPV,Cape Verde,2006-01-01,74.3
375,CPV,Cape Verde,2007-01-01,76.2
376,CPV,Cape Verde,2008-01-01,78.1
377,CPV,Cape Verde,2009-01-01,78.75
378,CPV,Cape Verde,2010-01-01,79.4
379,CPV,Cape Verde,2011-01-01,79.2
380,CPV,Cape Verde,2012-01-01,79.2
381,CPV,Cape Verde,2013-01-01,79.2
382,CPV,Cape Verde,2014-01-01,78.1
383,CPV,Cape Verde,2015-01-01,78.1
384,CPV,Cape Verde,2016-01-01,79.4
385,CPV,Cape Verde,2017-01-01,78.8
386,CPV,Cape Verde,2018-01-01,78.8
387,CPV,Cape Verde,2019-01-01,77.8
388,CPV,Cape Verde,2020-01-01,76.5
389,CAF,Central African Republic,2006-01-01,16.1
390,CAF,Central African Republic,2007-01-01,17.35
391,CAF,Central African Republic,2008-01-01,18.6
392,CAF,Central African Republic,2009-01-01,18.4
393,CAF,Central African Republic,2010-01-01,18.2
394,CAF,Central African Republic,2011-01-01,18.2
395,CAF,Central African Republic,2012-01-01,19.9
396,CAF,Central African Republic,2013-01-01,14.9
397,CAF,Central African Republic,2014-01-01,14.9
398,CAF,Central African Republic,2015-01-01,15.7
399,CAF,Central African Republic,2016-01-01,16.1
400,CAF,Central African Republic,2017-01-01,15.2
401,CAF,Central African Republic,2018-01-01,15.2
402,CAF,Central African Republic,2019-01-01,13.2
403,CAF,Central African Republic,2020-01-01,13.2
404,TCD,Chad,2006-01-01,16.5
405,TCD,Chad,2007-01-01,15.85
406,TCD,Chad,2008-01-01,15.2
407,TCD,Chad,2009-01-01,15.2
408,TCD,Chad,2010-01-01,15.2
409,TCD,Chad,2011-01-01,16.2
410,TCD,Chad,2012-01-01,16.2
411,TCD,Chad,2013-01-01,15.0
412,TCD,Chad,2014-01-01,15.0
413,TCD,Chad,2015-01-01,15.0
414,TCD,Chad,2016-01-01,15.0
415,TCD,Chad,2017-01-01,15.0
416,TCD,Chad,2018-01-01,16.1
417,TCD,Chad,2019-01-01,16.1
418,TCD,Chad,2020-01-01,15.5
419,CHL,Chile,2006-01-01,78.9
420,CHL,Chile,2007-01-01,78.9
421,CHL,Chile,2008-01-01,78.9
422,CHL,Chile,2009-01-01,77.8
423,CHL,Chile,2010-01-01,76.7
424,CHL,Chile,2011-01-01,75.4
425,CHL,Chile,2012-01-01,75.4
426,CHL,Chile,2013-01-01,78.0
427,CHL,Chile,2014-01-01,78.0
428,CHL,Chile,2015-01-01,78.4
429,CHL,Chile,2016-01-01,77.8
430,CHL,Chile,2017-01-01,78.4
431,CHL,Chile,2018-01-01,79.7
432,CHL,Chile,2019-01-01,80.8
433,CHL,Chile,2020-01-01,82.8
434,CHN,China,2006-01-01,29.7
435,CHN,China,2007-01-01,30.05
436,CHN,China,2008-01-01,30.4
437,CHN,China,2009-01-01,30.9
438,CHN,China,2010-01-01,31.4
439,CHN,China,2011-01-01,31.4
440,CHN,China,2012-01-01,30.0
441,CHN,China,2013-01-01,30.0
442,CHN,China,2014-01-01,30.0
443,CHN,China,2015-01-01,31.4
444,CHN,China,2016-01-01,31.4
445,CHN,China,2017-01-01,31.0
446,CHN,China,2018-01-01,33.2
447,CHN,China,2019-01-01,22.6
448,CHN,China,2020-01-01,22.7
449,COL,Colombia,2006-01-01,64.0
450,COL,Colombia,2007-01-01,64.7
451,COL,Colombia,2008-01-01,65.4
452,COL,Colombia,2009-01-01,65.45
453,COL,Colombia,2010-01-01,65.5
454,COL,Colombia,2011-01-01,66.3
455,COL,Colombia,2012-01-01,66.3
456,COL,Colombia,2013-01-01,65.5
457,COL,Colombia,2014-01-01,65.5
458,COL,Colombia,2015-01-01,66.2
459,COL,Colombia,2016-01-01,66.7
460,COL,Colombia,2017-01-01,66.7
461,COL,Colombia,2018-01-01,69.6
462,COL,Colombia,2019-01-01,71.3
463,COL,Colombia,2020-01-01,70.4
464,COM,Comoros,2006-01-01,39.0
465,COM,Comoros,2007-01-01,37.4
466,COM,Comoros,2008-01-01,35.8
467,COM,Comoros,2009-01-01,34.95
468,COM,Comoros,2010-01-01,34.1
469,COM,Comoros,2011-01-01,35.2
470,COM,Comoros,2012-01-01,35.2
471,COM,Comoros,2013-01-01,35.2
472,COM,Comoros,2014-01-01,35.2
473,COM,Comoros,2015-01-01,37.1
474,COM,Comoros,2016-01-01,37.1
475,COM,Comoros,2017-01-01,37.1
476,COM,Comoros,2018-01-01,37.1
477,COM,Comoros,2019-01-01,31.5
478,COM,Comoros,2020-01-01,30.9
479,COD,"Congo, Dem. Rep.",2006-01-01,27.6
480,COD,"Congo, Dem. Rep.",2007-01-01,25.2
481,COD,"Congo, Dem. Rep.",2008-01-01,22.8
482,COD,"Congo, Dem. Rep.",2009-01-01,22.15
483,COD,"Congo, Dem. Rep.",2010-01-01,21.5
484,COD,"Congo, Dem. Rep.",2011-01-01,21.5
485,COD,"Congo, Dem. Rep.",2012-01-01,19.2
486,COD,"Congo, Dem. Rep.",2013-01-01,18.3
487,COD,"Congo, Dem. Rep.",2014-01-01,17.5
488,COD,"Congo, Dem. Rep.",2015-01-01,21.1
489,COD,"Congo, Dem. Rep.",2016-01-01,19.3
490,COD,"Congo, Dem. Rep.",2017-01-01,16.1
491,COD,"Congo, Dem. Rep.",2018-01-01,14.9
492,COD,"Congo, Dem. Rep.",2019-01-01,11.3
493,COD,"Congo, Dem. Rep.",2020-01-01,11.3
494,COG,"Congo, Rep.",2006-01-01,31.9
495,COG,"Congo, Rep.",2007-01-01,30.65
496,COG,"Congo, Rep.",2008-01-01,29.4
497,COG,"Congo, Rep.",2009-01-01,29.15
498,COG,"Congo, Rep.",2010-01-01,28.9
499,COG,"Congo, Rep.",2011-01-01,28.9
500,COG,"Congo, Rep.",2012-01-01,28.9
501,COG,"Congo, Rep.",2013-01-01,28.9
502,COG,"Congo, Rep.",2014-01-01,28.9
503,COG,"Congo, Rep.",2015-01-01,29.1
504,COG,"Congo, Rep.",2016-01-01,29.1
505,COG,"Congo, Rep.",2017-01-01,32.5
506,COG,"Congo, Rep.",2018-01-01,33.1
507,COG,"Congo, Rep.",2019-01-01,31.1
508,COG,"Congo, Rep.",2020-01-01,31.1
509,CRI,Costa Rica,2006-01-01,80.4
510,CRI,Costa Rica,2007-01-01,80.4
511,CRI,Costa Rica,2008-01-01,80.4
512,CRI,Costa Rica,2009-01-01,80.4
513,CRI,Costa Rica,2010-01-01,80.4
514,CRI,Costa Rica,2011-01-01,81.0
515,CRI,Costa Rica,2012-01-01,81.0
516,CRI,Costa Rica,2013-01-01,80.3
517,CRI,Costa Rica,2014-01-01,80.3
518,CRI,Costa Rica,2015-01-01,79.6
519,CRI,Costa Rica,2016-01-01,78.8
520,CRI,Costa Rica,2017-01-01,78.8
521,CRI,Costa Rica,2018-01-01,80.7
522,CRI,Costa Rica,2019-01-01,81.3
523,CRI,Costa Rica,2020-01-01,81.6
524,CIV,Cote d'Ivoire,2006-01-01,33.8
525,CIV,Cote d'Ivoire,2007-01-01,33.25
526,CIV,Cote d'Ivoire,2008-01-01,32.7
527,CIV,Cote d'Ivoire,2009-01-01,31.45
528,CIV,Cote d'Ivoire,2010-01-01,30.2
529,CIV,Cote d'Ivoire,2011-01-01,30.8
530,CIV,Cote d'Ivoire,2012-01-01,32.5
531,CIV,Cote d'Ivoire,2013-01-01,32.5
532,CIV,Cote d'Ivoire,2014-01-01,35.3
533,CIV,Cote d'Ivoire,2015-01-01,33.1
534,CIV,Cote d'Ivoire,2016-01-01,38.1
535,CIV,Cote d'Ivoire,2017-01-01,39.3
536,CIV,Cote d'Ivoire,2018-01-01,41.5
537,CIV,Cote d'Ivoire,2019-01-01,40.5
538,CIV,Cote d'Ivoire,2020-01-01,41.1
539,HRV,Croatia,2006-01-01,70.4
540,HRV,Croatia,2007-01-01,70.4
541,HRV,Croatia,2008-01-01,70.4
542,HRV,Croatia,2009-01-01,69.25
543,HRV,Croatia,2010-01-01,68.1
544,HRV,Croatia,2011-01-01,67.3
545,HRV,Croatia,2012-01-01,69.3
546,HRV,Croatia,2013-01-01,69.3
547,HRV,Croatia,2014-01-01,69.3
548,HRV,Croatia,2015-01-01,69.3
549,HRV,Croatia,2016-01-01,67.5
550,HRV,Croatia,2017-01-01,66.3
551,HRV,Croatia,2018-01-01,65.7
552,HRV,Croatia,2019-01-01,65.7
553,HRV,Croatia,2020-01-01,65.0
554,CUB,Cuba,2006-01-01,35.2
555,CUB,Cuba,2007-01-01,35.2
556,CUB,Cuba,2008-01-01,35.2
557,CUB,Cuba,2009-01-01,35.2
558,CUB,Cuba,2010-01-01,35.2
559,CUB,Cuba,2011-01-01,35.2
560,CUB,Cuba,2012-01-01,35.2
561,CUB,Cuba,2013-01-01,35.2
562,CUB,Cuba,2014-01-01,35.2
563,CUB,Cuba,2015-01-01,35.2
564,CUB,Cuba,2016-01-01,34.6
565,CUB,Cuba,2017-01-01,33.1
566,CUB,Cuba,2018-01-01,30.0
567,CUB,Cuba,2019-01-01,28.4
568,CUB,Cuba,2020-01-01,28.4
569,CYP,Cyprus,2006-01-01,76.0
570,CYP,Cyprus,2007-01-01,76.5
571,CYP,Cyprus,2008-01-01,77.0
572,CYP,Cyprus,2009-01-01,74.95
573,CYP,Cyprus,2010-01-01,72.9
574,CYP,Cyprus,2011-01-01,72.9
575,CYP,Cyprus,2012-01-01,72.9
576,CYP,Cyprus,2013-01-01,72.9
577,CYP,Cyprus,2014-01-01,74.0
578,CYP,Cyprus,2015-01-01,75.3
579,CYP,Cyprus,2016-01-01,76.5
580,CYP,Cyprus,2017-01-01,75.9
581,CYP,Cyprus,2018-01-01,75.9
582,CYP,Cyprus,2019-01-01,75.9
583,CYP,Cyprus,2020-01-01,75.6
584,CZE,Czech Republic,2006-01-01,81.7
585,CZE,Czech Republic,2007-01-01,81.8
586,CZE,Czech Republic,2008-01-01,81.9
587,CZE,Czech Republic,2009-01-01,81.9
588,CZE,Czech Republic,2010-01-01,81.9
589,CZE,Czech Republic,2011-01-01,81.9
590,CZE,Czech Republic,2012-01-01,81.9
591,CZE,Czech Republic,2013-01-01,80.6
592,CZE,Czech Republic,2014-01-01,79.4
593,CZE,Czech Republic,2015-01-01,79.4
594,CZE,Czech Republic,2016-01-01,78.2
595,CZE,Czech Republic,2017-01-01,76.2
596,CZE,Czech Republic,2018-01-01,76.9
597,CZE,Czech Republic,2019-01-01,76.9
598,CZE,Czech Republic,2020-01-01,76.7
599,DNK,Denmark,2006-01-01,95.2
600,DNK,Denmark,2007-01-01,95.2
601,DNK,Denmark,2008-01-01,95.2
602,DNK,Denmark,2009-01-01,95.2
603,DNK,Denmark,2010-01-01,95.2
604,DNK,Denmark,2011-01-01,95.2
605,DNK,Denmark,2012-01-01,95.2
606,DNK,Denmark,2013-01-01,93.8
607,DNK,Denmark,2014-01-01,91.1
608,DNK,Denmark,2015-01-01,91.1
609,DNK,Denmark,2016-01-01,92.0
610,DNK,Denmark,2017-01-01,92.2
611,DNK,Denmark,2018-01-01,92.2
612,DNK,Denmark,2019-01-01,92.2
613,DNK,Denmark,2020-01-01,91.5
614,DJI,Djibouti,2006-01-01,23.7
615,DJI,Djibouti,2007-01-01,23.7
616,DJI,Djibouti,2008-01-01,23.7
617,DJI,Djibouti,2009-01-01,22.85
618,DJI,Djibouti,2010-01-01,22.0
619,DJI,Djibouti,2011-01-01,26.8
620,DJI,Djibouti,2012-01-01,27.4
621,DJI,Djibouti,2013-01-01,29.6
622,DJI,Djibouti,2014-01-01,29.9
623,DJI,Djibouti,2015-01-01,29.0
624,DJI,Djibouti,2016-01-01,28.3
625,DJI,Djibouti,2017-01-01,27.6
626,DJI,Djibouti,2018-01-01,28.7
627,DJI,Djibouti,2019-01-01,27.7
628,DJI,Djibouti,2020-01-01,27.1
629,DOM,Dominican Republic,2006-01-01,61.3
630,DOM,Dominican Republic,2007-01-01,61.65
631,DOM,Dominican Republic,2008-01-01,62.0
632,DOM,Dominican Republic,2009-01-01,62.0
633,DOM,Dominican Republic,2010-01-01,62.0
634,DOM,Dominican Republic,2011-01-01,62.0
635,DOM,Dominican Republic,2012-01-01,64.9
636,DOM,Dominican Republic,2013-01-01,67.4
637,DOM,Dominican Republic,2014-01-01,66.7
638,DOM,Dominican Republic,2015-01-01,66.7
639,DOM,Dominican Republic,2016-01-01,66.7
640,DOM,Dominican Republic,2017-01-01,66.6
641,DOM,Dominican Republic,2018-01-01,65.4
642,DOM,Dominican Republic,2019-01-01,65.4
643,DOM,Dominican Republic,2020-01-01,63.2
644,ECU,Ecuador,2006-01-01,56.4
645,ECU,Ecuador,2007-01-01,56.4
646,ECU,Ecuador,2008-01-01,56.4
647,ECU,Ecuador,2009-01-01,57.05
648,ECU,Ecuador,2010-01-01,57.7
649,ECU,Ecuador,2011-01-01,57.2
650,ECU,Ecuador,2012-01-01,57.8
651,ECU,Ecuador,2013-01-01,58.7
652,ECU,Ecuador,2014-01-01,58.7
653,ECU,Ecuador,2015-01-01,58.7
654,ECU,Ecuador,2016-01-01,58.1
655,ECU,Ecuador,2017-01-01,60.2
656,ECU,Ecuador,2018-01-01,62.7
657,ECU,Ecuador,2019-01-01,63.3
658,ECU,Ecuador,2020-01-01,61.3
659,EGY,Egypt,2006-01-01,39.0
660,EGY,Egypt,2007-01-01,38.95
661,EGY,Egypt,2008-01-01,38.9
662,EGY,Egypt,2009-01-01,34.8
663,EGY,Egypt,2010-01-01,30.7
664,EGY,Egypt,2011-01-01,39.5
665,EGY,Egypt,2012-01-01,45.6
666,EGY,Egypt,2013-01-01,32.7
667,EGY,Egypt,2014-01-01,31.6
668,EGY,Egypt,2015-01-01,31.8
669,EGY,Egypt,2016-01-01,33.1
670,EGY,Egypt,2017-01-01,33.6
671,EGY,Egypt,2018-01-01,33.6
672,EGY,Egypt,2019-01-01,30.6
673,EGY,Egypt,2020-01-01,29.3
674,SLV,El Salvador,2006-01-01,62.2
675,SLV,El Salvador,2007-01-01,63.1
676,SLV,El Salvador,2008-01-01,64.0
677,SLV,El Salvador,2009-01-01,64.35
678,SLV,El Salvador,2010-01-01,64.7
679,SLV,El Salvador,2011-01-01,64.7
680,SLV,El Salvador,2012-01-01,64.7
681,SLV,El Salvador,2013-01-01,65.3
682,SLV,El Salvador,2014-01-01,65.3
683,SLV,El Salvador,2015-01-01,66.4
684,SLV,El Salvador,2016-01-01,66.4
685,SLV,El Salvador,2017-01-01,64.3
686,SLV,El Salvador,2018-01-01,59.6
687,SLV,El Salvador,2019-01-01,61.5
688,SLV,El Salvador,2020-01-01,59.0
689,GNQ,Equatorial Guinea,2006-01-01,20.9
690,GNQ,Equatorial Guinea,2007-01-01,21.4
691,GNQ,Equatorial Guinea,2008-01-01,21.9
692,GNQ,Equatorial Guinea,2009-01-01,20.15
693,GNQ,Equatorial Guinea,2010-01-01,18.4
694,GNQ,Equatorial Guinea,2011-01-01,17.7
695,GNQ,Equatorial Guinea,2012-01-01,18.3
696,GNQ,Equatorial Guinea,2013-01-01,17.7
697,GNQ,Equatorial Guinea,2014-01-01,16.6
698,GNQ,Equatorial Guinea,2015-01-01,17.7
699,GNQ,Equatorial Guinea,2016-01-01,17.0
700,GNQ,Equatorial Guinea,2017-01-01,18.1
701,GNQ,Equatorial Guinea,2018-01-01,19.2
702,GNQ,Equatorial Guinea,2019-01-01,19.2
703,GNQ,Equatorial Guinea,2020-01-01,19.2
704,ERI,Eritrea,2006-01-01,23.1
705,ERI,Eritrea,2007-01-01,23.1
706,ERI,Eritrea,2008-01-01,23.1
707,ERI,Eritrea,2009-01-01,23.1
708,ERI,Eritrea,2010-01-01,23.1
709,ERI,Eritrea,2011-01-01,23.4
710,ERI,Eritrea,2012-01-01,24.0
711,ERI,Eritrea,2013-01-01,24.0
712,ERI,Eritrea,2014-01-01,24.4
713,ERI,Eritrea,2015-01-01,23.7
714,ERI,Eritrea,2016-01-01,23.7
715,ERI,Eritrea,2017-01-01,23.7
716,ERI,Eritrea,2018-01-01,23.7
717,ERI,Eritrea,2019-01-01,23.7
718,ERI,Eritrea,2020-01-01,21.5
719,EST,Estonia,2006-01-01,77.4
720,EST,Estonia,2007-01-01,77.1
721,EST,Estonia,2008-01-01,76.8
722,EST,Estonia,2009-01-01,76.8
723,EST,Estonia,2010-01-01,76.8
724,EST,Estonia,2011-01-01,76.1
725,EST,Estonia,2012-01-01,76.1
726,EST,Estonia,2013-01-01,76.1
727,EST,Estonia,2014-01-01,77.4
728,EST,Estonia,2015-01-01,78.5
729,EST,Estonia,2016-01-01,78.5
730,EST,Estonia,2017-01-01,77.9
731,EST,Estonia,2018-01-01,79.7
732,EST,Estonia,2019-01-01,79.0
733,EST,Estonia,2020-01-01,78.4
734,ETH,Ethiopia,2006-01-01,47.2
735,ETH,Ethiopia,2007-01-01,46.2
736,ETH,Ethiopia,2008-01-01,45.2
737,ETH,Ethiopia,2009-01-01,41.0
738,ETH,Ethiopia,2010-01-01,36.8
739,ETH,Ethiopia,2011-01-01,37.9
740,ETH,Ethiopia,2012-01-01,37.2
741,ETH,Ethiopia,2013-01-01,38.3
742,ETH,Ethiopia,2014-01-01,37.2
743,ETH,Ethiopia,2015-01-01,38.3
744,ETH,Ethiopia,2016-01-01,36.0
745,ETH,Ethiopia,2017-01-01,34.2
746,ETH,Ethiopia,2018-01-01,33.5
747,ETH,Ethiopia,2019-01-01,34.4
748,ETH,Ethiopia,2020-01-01,33.8
749,FJI,Fiji,2006-01-01,56.6
750,FJI,Fiji,2007-01-01,53.85
751,FJI,Fiji,2008-01-01,51.1
752,FJI,Fiji,2009-01-01,43.65
753,FJI,Fiji,2010-01-01,36.2
754,FJI,Fiji,2011-01-01,36.7
755,FJI,Fiji,2012-01-01,36.7
756,FJI,Fiji,2013-01-01,36.1
757,FJI,Fiji,2014-01-01,56.1
758,FJI,Fiji,2015-01-01,56.9
759,FJI,Fiji,2016-01-01,56.4
760,FJI,Fiji,2017-01-01,58.5
761,FJI,Fiji,2018-01-01,58.5
762,FJI,Fiji,2019-01-01,58.5
763,FJI,Fiji,2020-01-01,57.2
764,FIN,Finland,2006-01-01,92.5
765,FIN,Finland,2007-01-01,92.5
766,FIN,Finland,2008-01-01,92.5
767,FIN,Finland,2009-01-01,92.2
768,FIN,Finland,2010-01-01,91.9
769,FIN,Finland,2011-01-01,90.6
770,FIN,Finland,2012-01-01,90.6
771,FIN,Finland,2013-01-01,90.3
772,FIN,Finland,2014-01-01,90.3
773,FIN,Finland,2015-01-01,90.3
774,FIN,Finland,2016-01-01,90.3
775,FIN,Finland,2017-01-01,90.3
776,FIN,Finland,2018-01-01,91.4
777,FIN,Finland,2019-01-01,92.5
778,FIN,Finland,2020-01-01,92.0
779,FRA,France,2006-01-01,80.7
780,FRA,France,2007-01-01,80.7
781,FRA,France,2008-01-01,80.7
782,FRA,France,2009-01-01,79.2
783,FRA,France,2010-01-01,77.7
784,FRA,France,2011-01-01,77.7
785,FRA,France,2012-01-01,78.8
786,FRA,France,2013-01-01,79.2
787,FRA,France,2014-01-01,80.4
788,FRA,France,2015-01-01,79.2
789,FRA,France,2016-01-01,79.2
790,FRA,France,2017-01-01,78.0
791,FRA,France,2018-01-01,78.0
792,FRA,France,2019-01-01,81.2
793,FRA,France,2020-01-01,79.9
794,GAB,Gabon,2006-01-01,27.2
795,GAB,Gabon,2007-01-01,28.6
796,GAB,Gabon,2008-01-01,30.0
797,GAB,Gabon,2009-01-01,31.45
798,GAB,Gabon,2010-01-01,32.9
799,GAB,Gabon,2011-01-01,34.8
800,GAB,Gabon,2012-01-01,35.6
801,GAB,Gabon,2013-01-01,37.6
802,GAB,Gabon,2014-01-01,37.6
803,GAB,Gabon,2015-01-01,37.6
804,GAB,Gabon,2016-01-01,37.4
805,GAB,Gabon,2017-01-01,36.1
806,GAB,Gabon,2018-01-01,36.1
807,GAB,Gabon,2019-01-01,36.1
808,GAB,Gabon,2020-01-01,35.4
809,GMB,Gambia,2006-01-01,43.9
810,GMB,Gambia,2007-01-01,42.9
811,GMB,Gambia,2008-01-01,41.9
812,GMB,Gambia,2009-01-01,37.85
813,GMB,Gambia,2010-01-01,33.8
814,GMB,Gambia,2011-01-01,33.8
815,GMB,Gambia,2012-01-01,33.1
816,GMB,Gambia,2013-01-01,33.1
817,GMB,Gambia,2014-01-01,30.5
818,GMB,Gambia,2015-01-01,29.7
819,GMB,Gambia,2016-01-01,29.1
820,GMB,Gambia,2017-01-01,40.6
821,GMB,Gambia,2018-01-01,43.1
822,GMB,Gambia,2019-01-01,43.3
823,GMB,Gambia,2020-01-01,44.9
824,GEO,Georgia,2006-01-01,49.0
825,GEO,Georgia,2007-01-01,47.6
826,GEO,Georgia,2008-01-01,46.2
827,GEO,Georgia,2009-01-01,46.05
828,GEO,Georgia,2010-01-01,45.9
829,GEO,Georgia,2011-01-01,47.4
830,GEO,Georgia,2012-01-01,55.3
831,GEO,Georgia,2013-01-01,59.5
832,GEO,Georgia,2014-01-01,58.2
833,GEO,Georgia,2015-01-01,58.8
834,GEO,Georgia,2016-01-01,59.3
835,GEO,Georgia,2017-01-01,59.3
836,GEO,Georgia,2018-01-01,55.0
837,GEO,Georgia,2019-01-01,54.2
838,GEO,Georgia,2020-01-01,53.1
839,DEU,Germany,2006-01-01,88.2
840,DEU,Germany,2007-01-01,88.2
841,DEU,Germany,2008-01-01,88.2
842,DEU,Germany,2009-01-01,86.0
843,DEU,Germany,2010-01-01,83.8
844,DEU,Germany,2011-01-01,83.4
845,DEU,Germany,2012-01-01,83.4
846,DEU,Germany,2013-01-01,83.1
847,DEU,Germany,2014-01-01,86.4
848,DEU,Germany,2015-01-01,86.4
849,DEU,Germany,2016-01-01,86.3
850,DEU,Germany,2017-01-01,86.1
851,DEU,Germany,2018-01-01,86.8
852,DEU,Germany,2019-01-01,86.8
853,DEU,Germany,2020-01-01,86.7
854,GHA,Ghana,2006-01-01,53.5
855,GHA,Ghana,2007-01-01,53.5
856,GHA,Ghana,2008-01-01,53.5
857,GHA,Ghana,2009-01-01,56.85
858,GHA,Ghana,2010-01-01,60.2
859,GHA,Ghana,2011-01-01,60.2
860,GHA,Ghana,2012-01-01,60.2
861,GHA,Ghana,2013-01-01,63.3
862,GHA,Ghana,2014-01-01,63.3
863,GHA,Ghana,2015-01-01,68.6
864,GHA,Ghana,2016-01-01,67.5
865,GHA,Ghana,2017-01-01,66.9
866,GHA,Ghana,2018-01-01,66.3
867,GHA,Ghana,2019-01-01,66.3
868,GHA,Ghana,2020-01-01,65.0
869,GRC,Greece,2006-01-01,81.3
870,GRC,Greece,2007-01-01,81.3
871,GRC,Greece,2008-01-01,81.3
872,GRC,Greece,2009-01-01,80.25
873,GRC,Greece,2010-01-01,79.2
874,GRC,Greece,2011-01-01,76.5
875,GRC,Greece,2012-01-01,76.5
876,GRC,Greece,2013-01-01,76.5
877,GRC,Greece,2014-01-01,74.5
878,GRC,Greece,2015-01-01,74.5
879,GRC,Greece,2016-01-01,72.3
880,GRC,Greece,2017-01-01,72.9
881,GRC,Greece,2018-01-01,72.9
882,GRC,Greece,2019-01-01,74.3
883,GRC,Greece,2020-01-01,73.9
884,GTM,Guatemala,2006-01-01,60.7
885,GTM,Guatemala,2007-01-01,60.7
886,GTM,Guatemala,2008-01-01,60.7
887,GTM,Guatemala,2009-01-01,60.6
888,GTM,Guatemala,2010-01-01,60.5
889,GTM,Guatemala,2011-01-01,58.8
890,GTM,Guatemala,2012-01-01,58.8
891,GTM,Guatemala,2013-01-01,58.1
892,GTM,Guatemala,2014-01-01,58.1
893,GTM,Guatemala,2015-01-01,59.2
894,GTM,Guatemala,2016-01-01,59.2
895,GTM,Guatemala,2017-01-01,58.6
896,GTM,Guatemala,2018-01-01,56.0
897,GTM,Guatemala,2019-01-01,52.6
898,GTM,Guatemala,2020-01-01,49.7
899,GIN,Guinea,2006-01-01,20.2
900,GIN,Guinea,2007-01-01,20.55
901,GIN,Guinea,2008-01-01,20.9
902,GIN,Guinea,2009-01-01,24.4
903,GIN,Guinea,2010-01-01,27.9
904,GIN,Guinea,2011-01-01,27.9
905,GIN,Guinea,2012-01-01,27.9
906,GIN,Guinea,2013-01-01,28.4
907,GIN,Guinea,2014-01-01,30.1
908,GIN,Guinea,2015-01-01,31.4
909,GIN,Guinea,2016-01-01,31.4
910,GIN,Guinea,2017-01-01,31.4
911,GIN,Guinea,2018-01-01,31.4
912,GIN,Guinea,2019-01-01,31.4
913,GIN,Guinea,2020-01-01,30.8
914,GNB,Guinea-Bissau,2006-01-01,20.0
915,GNB,Guinea-Bissau,2007-01-01,19.95
916,GNB,Guinea-Bissau,2008-01-01,19.9
917,GNB,Guinea-Bissau,2009-01-01,19.9
918,GNB,Guinea-Bissau,2010-01-01,19.9
919,GNB,Guinea-Bissau,2011-01-01,19.9
920,GNB,Guinea-Bissau,2012-01-01,14.3
921,GNB,Guinea-Bissau,2013-01-01,12.6
922,GNB,Guinea-Bissau,2014-01-01,19.3
923,GNB,Guinea-Bissau,2015-01-01,19.3
924,GNB,Guinea-Bissau,2016-01-01,19.8
925,GNB,Guinea-Bissau,2017-01-01,19.8
926,GNB,Guinea-Bissau,2018-01-01,19.8
927,GNB,Guinea-Bissau,2019-01-01,26.3
928,GNB,Guinea-Bissau,2020-01-01,26.3
929,GUY,Guyana,2006-01-01,61.5
930,GUY,Guyana,2007-01-01,61.35
931,GUY,Guyana,2008-01-01,61.2
932,GUY,Guyana,2009-01-01,60.85
933,GUY,Guyana,2010-01-01,60.5
934,GUY,Guyana,2011-01-01,60.5
935,GUY,Guyana,2012-01-01,60.5
936,GUY,Guyana,2013-01-01,60.5
937,GUY,Guyana,2014-01-01,59.1
938,GUY,Guyana,2015-01-01,60.5
939,GUY,Guyana,2016-01-01,62.5
940,GUY,Guyana,2017-01-01,64.6
941,GUY,Guyana,2018-01-01,66.7
942,GUY,Guyana,2019-01-01,61.5
943,GUY,Guyana,2020-01-01,60.1
944,HTI,Haiti,2006-01-01,41.9
945,HTI,Haiti,2007-01-01,41.9
946,HTI,Haiti,2008-01-01,41.9
947,HTI,Haiti,2009-01-01,40.95
948,HTI,Haiti,2010-01-01,40.0
949,HTI,Haiti,2011-01-01,40.0
950,HTI,Haiti,2012-01-01,39.6
951,HTI,Haiti,2013-01-01,39.4
952,HTI,Haiti,2014-01-01,38.2
953,HTI,Haiti,2015-01-01,39.4
954,HTI,Haiti,2016-01-01,40.2
955,HTI,Haiti,2017-01-01,40.3
956,HTI,Haiti,2018-01-01,49.1
957,HTI,Haiti,2019-01-01,45.7
958,HTI,Haiti,2020-01-01,42.2
959,HND,Honduras,2006-01-01,62.5
960,HND,Honduras,2007-01-01,62.15
961,HND,Honduras,2008-01-01,61.8
962,HND,Honduras,2009-01-01,59.7
963,HND,Honduras,2010-01-01,57.6
964,HND,Honduras,2011-01-01,58.4
965,HND,Honduras,2012-01-01,58.4
966,HND,Honduras,2013-01-01,58.4
967,HND,Honduras,2014-01-01,58.4
968,HND,Honduras,2015-01-01,58.4
969,HND,Honduras,2016-01-01,59.2
970,HND,Honduras,2017-01-01,57.2
971,HND,Honduras,2018-01-01,56.3
972,HND,Honduras,2019-01-01,54.2
973,HND,Honduras,2020-01-01,53.6
974,HKG,"Hong Kong, China",2006-01-01,60.3
975,HKG,"Hong Kong, China",2007-01-01,59.4
976,HKG,"Hong Kong, China",2008-01-01,58.5
977,HKG,"Hong Kong, China",2009-01-01,58.85
978,HKG,"Hong Kong, China",2010-01-01,59.2
979,HKG,"Hong Kong, China",2011-01-01,59.2
980,HKG,"Hong Kong, China",2012-01-01,64.2
981,HKG,"Hong Kong, China",2013-01-01,64.2
982,HKG,"Hong Kong, China",2014-01-01,64.6
983,HKG,"Hong Kong, China",2015-01-01,65.0
984,HKG,"Hong Kong, China",2016-01-01,64.2
985,HKG,"Hong Kong, China",2017-01-01,63.1
986,HKG,"Hong Kong, China",2018-01-01,61.5
987,HKG,"Hong Kong, China",2019-01-01,60.2
988,HKG,"Hong Kong, China",2020-01-01,55.7
989,HUN,Hungary,2006-01-01,75.3
990,HUN,Hungary,2007-01-01,74.85
991,HUN,Hungary,2008-01-01,74.4
992,HUN,Hungary,2009-01-01,73.25
993,HUN,Hungary,2010-01-01,72.1
994,HUN,Hungary,2011-01-01,70.4
995,HUN,Hungary,2012-01-01,69.6
996,HUN,Hungary,2013-01-01,69.6
997,HUN,Hungary,2014-01-01,69.0
998,HUN,Hungary,2015-01-01,68.4
999,HUN,Hungary,2016-01-01,67.2
1000,HUN,Hungary,2017-01-01,66.4
1001,HUN,Hungary,2018-01-01,66.3
1002,HUN,Hungary,2019-01-01,66.3
1003,HUN,Hungary,2020-01-01,65.6
1004,ISL,Iceland,2006-01-01,97.1
1005,ISL,Iceland,2007-01-01,96.8
1006,ISL,Iceland,2008-01-01,96.5
1007,ISL,Iceland,2009-01-01,96.5
1008,ISL,Iceland,2010-01-01,96.5
1009,ISL,Iceland,2011-01-01,96.5
1010,ISL,Iceland,2012-01-01,96.5
1011,ISL,Iceland,2013-01-01,96.5
1012,ISL,Iceland,2014-01-01,95.8
1013,ISL,Iceland,2015-01-01,95.8
1014,ISL,Iceland,2016-01-01,95.0
1015,ISL,Iceland,2017-01-01,95.8
1016,ISL,Iceland,2018-01-01,95.8
1017,ISL,Iceland,2019-01-01,95.8
1018,ISL,Iceland,2020-01-01,93.7
1019,IND,India,2006-01-01,76.8
1020,IND,India,2007-01-01,77.4
1021,IND,India,2008-01-01,78.0
1022,IND,India,2009-01-01,75.4
1023,IND,India,2010-01-01,72.8
1024,IND,India,2011-01-01,73.0
1025,IND,India,2012-01-01,75.2
1026,IND,India,2013-01-01,76.9
1027,IND,India,2014-01-01,79.2
1028,IND,India,2015-01-01,77.4
1029,IND,India,2016-01-01,78.1
1030,IND,India,2017-01-01,72.3
1031,IND,India,2018-01-01,72.3
1032,IND,India,2019-01-01,69.0
1033,IND,India,2020-01-01,66.1
1034,IDN,Indonesia,2006-01-01,64.1
1035,IDN,Indonesia,2007-01-01,63.75
1036,IDN,Indonesia,2008-01-01,63.4
1037,IDN,Indonesia,2009-01-01,64.35
1038,IDN,Indonesia,2010-01-01,65.3
1039,IDN,Indonesia,2011-01-01,65.3
1040,IDN,Indonesia,2012-01-01,67.6
1041,IDN,Indonesia,2013-01-01,68.2
1042,IDN,Indonesia,2014-01-01,69.5
1043,IDN,Indonesia,2015-01-01,70.3
1044,IDN,Indonesia,2016-01-01,69.7
1045,IDN,Indonesia,2017-01-01,63.9
1046,IDN,Indonesia,2018-01-01,63.9
1047,IDN,Indonesia,2019-01-01,64.8
1048,IDN,Indonesia,2020-01-01,63.0
1049,IRN,Iran,2006-01-01,29.3
1050,IRN,Iran,2007-01-01,28.8
1051,IRN,Iran,2008-01-01,28.3
1052,IRN,Iran,2009-01-01,23.85
1053,IRN,Iran,2010-01-01,19.4
1054,IRN,Iran,2011-01-01,19.8
1055,IRN,Iran,2012-01-01,19.8
1056,IRN,Iran,2013-01-01,19.8
1057,IRN,Iran,2014-01-01,19.8
1058,IRN,Iran,2015-01-01,21.6
1059,IRN,Iran,2016-01-01,23.4
1060,IRN,Iran,2017-01-01,24.5
1061,IRN,Iran,2018-01-01,24.5
1062,IRN,Iran,2019-01-01,23.8
1063,IRQ,Iraq,2006-01-01,40.1
1064,IRQ,Iraq,2007-01-01,40.05
1065,IRQ,Iraq,2008-01-01,40.0
1066,IRQ,Iraq,2009-01-01,40.0
1067,IRQ,Iraq,2010-01-01,40.0
1068,IRQ,Iraq,2011-01-01,40.3
1069,IRQ,Iraq,2012-01-01,41.0
1070,IRQ,Iraq,2013-01-01,41.0
1071,IRQ,Iraq,2014-01-01,42.3
1072,IRQ,Iraq,2015-01-01,40.8
1073,IRQ,Iraq,2016-01-01,40.8
1074,IRQ,Iraq,2017-01-01,40.9
1075,IRQ,Iraq,2018-01-01,40.6
1076,IRQ,Iraq,2019-01-01,37.4
1077,IRQ,Iraq,2020-01-01,36.2
1078,IRL,Ireland,2006-01-01,90.1
1079,IRL,Ireland,2007-01-01,90.1
1080,IRL,Ireland,2008-01-01,90.1
1081,IRL,Ireland,2009-01-01,89.0
1082,IRL,Ireland,2010-01-01,87.9
1083,IRL,Ireland,2011-01-01,85.6
1084,IRL,Ireland,2012-01-01,85.6
1085,IRL,Ireland,2013-01-01,86.8
1086,IRL,Ireland,2014-01-01,87.2
1087,IRL,Ireland,2015-01-01,88.5
1088,IRL,Ireland,2016-01-01,91.5
1089,IRL,Ireland,2017-01-01,91.5
1090,IRL,Ireland,2018-01-01,91.5
1091,IRL,Ireland,2019-01-01,92.4
1092,IRL,Ireland,2020-01-01,90.5
1093,ISR,Israel,2006-01-01,72.8
1094,ISR,Israel,2007-01-01,73.8
1095,ISR,Israel,2008-01-01,74.8
1096,ISR,Israel,2009-01-01,74.8
1097,ISR,Israel,2010-01-01,74.8
1098,ISR,Israel,2011-01-01,75.3
1099,ISR,Israel,2012-01-01,75.3
1100,ISR,Israel,2013-01-01,75.3
1101,ISR,Israel,2014-01-01,76.3
1102,ISR,Israel,2015-01-01,77.7
1103,ISR,Israel,2016-01-01,78.5
1104,ISR,Israel,2017-01-01,77.9
1105,ISR,Israel,2018-01-01,77.9
1106,ISR,Israel,2019-01-01,78.6
1107,ISR,Israel,2020-01-01,78.4
1108,ITA,Italy,2006-01-01,77.3
1109,ITA,Italy,2007-01-01,78.55
1110,ITA,Italy,2008-01-01,79.8
1111,ITA,Italy,2009-01-01,79.05
1112,ITA,Italy,2010-01-01,78.3
1113,ITA,Italy,2011-01-01,77.4
1114,ITA,Italy,2012-01-01,77.4
1115,ITA,Italy,2013-01-01,78.5
1116,ITA,Italy,2014-01-01,78.5
1117,ITA,Italy,2015-01-01,79.8
1118,ITA,Italy,2016-01-01,79.8
1119,ITA,Italy,2017-01-01,79.8
1120,ITA,Italy,2018-01-01,77.1
1121,ITA,Italy,2019-01-01,75.2
1122,ITA,Italy,2020-01-01,77.4
1123,JAM,Jamaica,2006-01-01,73.4
1124,JAM,Jamaica,2007-01-01,72.75
1125,JAM,Jamaica,2008-01-01,72.1
1126,JAM,Jamaica,2009-01-01,72.1
1127,JAM,Jamaica,2010-01-01,72.1
1128,JAM,Jamaica,2011-01-01,71.3
1129,JAM,Jamaica,2012-01-01,73.9
1130,JAM,Jamaica,2013-01-01,73.9
1131,JAM,Jamaica,2014-01-01,73.9
1132,JAM,Jamaica,2015-01-01,73.9
1133,JAM,Jamaica,2016-01-01,73.9
1134,JAM,Jamaica,2017-01-01,72.9
1135,JAM,Jamaica,2018-01-01,70.2
1136,JAM,Jamaica,2019-01-01,69.6
1137,JAM,Jamaica,2020-01-01,71.3
1138,JPN,Japan,2006-01-01,81.5
1139,JPN,Japan,2007-01-01,82.0
1140,JPN,Japan,2008-01-01,82.5
1141,JPN,Japan,2009-01-01,81.65
1142,JPN,Japan,2010-01-01,80.8
1143,JPN,Japan,2011-01-01,80.8
1144,JPN,Japan,2012-01-01,80.8
1145,JPN,Japan,2013-01-01,80.8
1146,JPN,Japan,2014-01-01,80.8
1147,JPN,Japan,2015-01-01,79.6
1148,JPN,Japan,2016-01-01,79.9
1149,JPN,Japan,2017-01-01,78.8
1150,JPN,Japan,2018-01-01,79.9
1151,JPN,Japan,2019-01-01,79.9
1152,JPN,Japan,2020-01-01,81.3
1153,JOR,Jordan,2006-01-01,39.2
1154,JOR,Jordan,2007-01-01,39.25
1155,JOR,Jordan,2008-01-01,39.3
1156,JOR,Jordan,2009-01-01,38.35
1157,JOR,Jordan,2010-01-01,37.4
1158,JOR,Jordan,2011-01-01,38.9
1159,JOR,Jordan,2012-01-01,37.6
1160,JOR,Jordan,2013-01-01,37.6
1161,JOR,Jordan,2014-01-01,37.6
1162,JOR,Jordan,2015-01-01,38.6
1163,JOR,Jordan,2016-01-01,39.6
1164,JOR,Jordan,2017-01-01,38.7
1165,JOR,Jordan,2018-01-01,39.3
1166,JOR,Jordan,2019-01-01,39.3
1167,JOR,Jordan,2020-01-01,36.2
1168,KAZ,Kazakhstan,2006-01-01,36.2
1169,KAZ,Kazakhstan,2007-01-01,35.35
1170,KAZ,Kazakhstan,2008-01-01,34.5
1171,KAZ,Kazakhstan,2009-01-01,33.75
1172,KAZ,Kazakhstan,2010-01-01,33.0
1173,KAZ,Kazakhstan,2011-01-01,32.4
1174,KAZ,Kazakhstan,2012-01-01,29.5
1175,KAZ,Kazakhstan,2013-01-01,30.6
1176,KAZ,Kazakhstan,2014-01-01,31.7
1177,KAZ,Kazakhstan,2015-01-01,30.6
1178,KAZ,Kazakhstan,2016-01-01,30.6
1179,KAZ,Kazakhstan,2017-01-01,30.6
1180,KAZ,Kazakhstan,2018-01-01,29.4
1181,KAZ,Kazakhstan,2019-01-01,29.4
1182,KAZ,Kazakhstan,2020-01-01,31.4
1183,KEN,Kenya,2006-01-01,50.8
1184,KEN,Kenya,2007-01-01,49.35
1185,KEN,Kenya,2008-01-01,47.9
1186,KEN,Kenya,2009-01-01,47.5
1187,KEN,Kenya,2010-01-01,47.1
1188,KEN,Kenya,2011-01-01,47.1
1189,KEN,Kenya,2012-01-01,47.1
1190,KEN,Kenya,2013-01-01,51.3
1191,KEN,Kenya,2014-01-01,51.3
1192,KEN,Kenya,2015-01-01,53.3
1193,KEN,Kenya,2016-01-01,53.3
1194,KEN,Kenya,2017-01-01,51.1
1195,KEN,Kenya,2018-01-01,51.1
1196,KEN,Kenya,2019-01-01,51.8
1197,KEN,Kenya,2020-01-01,50.5
1198,KWT,Kuwait,2006-01-01,30.9
1199,KWT,Kuwait,2007-01-01,32.4
1200,KWT,Kuwait,2008-01-01,33.9
1201,KWT,Kuwait,2009-01-01,36.35
1202,KWT,Kuwait,2010-01-01,38.8
1203,KWT,Kuwait,2011-01-01,37.4
1204,KWT,Kuwait,2012-01-01,37.8
1205,KWT,Kuwait,2013-01-01,37.8
1206,KWT,Kuwait,2014-01-01,37.8
1207,KWT,Kuwait,2015-01-01,38.5
1208,KWT,Kuwait,2016-01-01,38.5
1209,KWT,Kuwait,2017-01-01,38.5
1210,KWT,Kuwait,2018-01-01,38.5
1211,KWT,Kuwait,2019-01-01,39.3
1212,KWT,Kuwait,2020-01-01,38.0
1213,KGZ,Kyrgyz Republic,2006-01-01,40.8
1214,KGZ,Kyrgyz Republic,2007-01-01,40.65
1215,KGZ,Kyrgyz Republic,2008-01-01,40.5
1216,KGZ,Kyrgyz Republic,2009-01-01,41.8
1217,KGZ,Kyrgyz Republic,2010-01-01,43.1
1218,KGZ,Kyrgyz Republic,2011-01-01,43.4
1219,KGZ,Kyrgyz Republic,2012-01-01,46.9
1220,KGZ,Kyrgyz Republic,2013-01-01,46.9
1221,KGZ,Kyrgyz Republic,2014-01-01,52.4
1222,KGZ,Kyrgyz Republic,2015-01-01,53.3
1223,KGZ,Kyrgyz Republic,2016-01-01,49.3
1224,KGZ,Kyrgyz Republic,2017-01-01,51.1
1225,KGZ,Kyrgyz Republic,2018-01-01,51.1
1226,KGZ,Kyrgyz Republic,2019-01-01,48.9
1227,KGZ,Kyrgyz Republic,2020-01-01,42.1
1228,LAO,Lao,2006-01-01,21.0
1229,LAO,Lao,2007-01-01,21.0
1230,LAO,Lao,2008-01-01,21.0
1231,LAO,Lao,2009-01-01,21.0
1232,LAO,Lao,2010-01-01,21.0
1233,LAO,Lao,2011-01-01,21.0
1234,LAO,Lao,2012-01-01,23.2
1235,LAO,Lao,2013-01-01,22.1
1236,LAO,Lao,2014-01-01,22.1
1237,LAO,Lao,2015-01-01,22.1
1238,LAO,Lao,2016-01-01,23.7
1239,LAO,Lao,2017-01-01,23.7
1240,LAO,Lao,2018-01-01,23.7
1241,LAO,Lao,2019-01-01,21.4
1242,LAO,Lao,2020-01-01,17.7
1243,LVA,Latvia,2006-01-01,73.7
1244,LVA,Latvia,2007-01-01,73.0
1245,LVA,Latvia,2008-01-01,72.3
1246,LVA,Latvia,2009-01-01,71.4
1247,LVA,Latvia,2010-01-01,70.5
1248,LVA,Latvia,2011-01-01,70.5
1249,LVA,Latvia,2012-01-01,70.5
1250,LVA,Latvia,2013-01-01,70.5
1251,LVA,Latvia,2014-01-01,74.8
1252,LVA,Latvia,2015-01-01,73.7
1253,LVA,Latvia,2016-01-01,73.1
1254,LVA,Latvia,2017-01-01,72.5
1255,LVA,Latvia,2018-01-01,73.8
1256,LVA,Latvia,2019-01-01,74.9
1257,LVA,Latvia,2020-01-01,72.4
1258,LBN,Lebanon,2006-01-01,58.2
1259,LBN,Lebanon,2007-01-01,57.2
1260,LBN,Lebanon,2008-01-01,56.2
1261,LBN,Lebanon,2009-01-01,57.2
1262,LBN,Lebanon,2010-01-01,58.2
1263,LBN,Lebanon,2011-01-01,53.2
1264,LBN,Lebanon,2012-01-01,50.5
1265,LBN,Lebanon,2013-01-01,50.5
1266,LBN,Lebanon,2014-01-01,51.2
1267,LBN,Lebanon,2015-01-01,48.6
1268,LBN,Lebanon,2016-01-01,48.6
1269,LBN,Lebanon,2017-01-01,47.2
1270,LBN,Lebanon,2018-01-01,46.3
1271,LBN,Lebanon,2019-01-01,43.6
1272,LBN,Lebanon,2020-01-01,41.6
1273,LSO,Lesotho,2006-01-01,64.8
1274,LSO,Lesotho,2007-01-01,63.85
1275,LSO,Lesotho,2008-01-01,62.9
1276,LSO,Lesotho,2009-01-01,61.55
1277,LSO,Lesotho,2010-01-01,60.2
1278,LSO,Lesotho,2011-01-01,63.3
1279,LSO,Lesotho,2012-01-01,66.6
1280,LSO,Lesotho,2013-01-01,66.6
1281,LSO,Lesotho,2014-01-01,66.6
1282,LSO,Lesotho,2015-01-01,65.9
1283,LSO,Lesotho,2016-01-01,65.9
1284,LSO,Lesotho,2017-01-01,66.4
1285,LSO,Lesotho,2018-01-01,66.4
1286,LSO,Lesotho,2019-01-01,65.4
1287,LSO,Lesotho,2020-01-01,63.0
1288,LBR,Liberia,2006-01-01,52.2
1289,LBR,Liberia,2007-01-01,52.35
1290,LBR,Liberia,2008-01-01,52.5
1291,LBR,Liberia,2009-01-01,51.6
1292,LBR,Liberia,2010-01-01,50.7
1293,LBR,Liberia,2011-01-01,50.7
1294,LBR,Liberia,2012-01-01,49.5
1295,LBR,Liberia,2013-01-01,49.5
1296,LBR,Liberia,2014-01-01,49.5
1297,LBR,Liberia,2015-01-01,49.5
1298,LBR,Liberia,2016-01-01,53.1
1299,LBR,Liberia,2017-01-01,52.3
1300,LBR,Liberia,2018-01-01,53.5
1301,LBR,Liberia,2019-01-01,54.5
1302,LBR,Liberia,2020-01-01,53.2
1303,LBY,Libya,2006-01-01,18.4
1304,LBY,Libya,2007-01-01,19.2
1305,LBY,Libya,2008-01-01,20.0
1306,LBY,Libya,2009-01-01,19.7
1307,LBY,Libya,2010-01-01,19.4
1308,LBY,Libya,2011-01-01,35.5
1309,LBY,Libya,2012-01-01,51.5
1310,LBY,Libya,2013-01-01,48.2
1311,LBY,Libya,2014-01-01,38.0
1312,LBY,Libya,2015-01-01,22.5
1313,LBY,Libya,2016-01-01,22.5
1314,LBY,Libya,2017-01-01,23.2
1315,LBY,Libya,2018-01-01,21.9
1316,LBY,Libya,2019-01-01,20.2
1317,LBY,Libya,2020-01-01,19.5
1318,LTU,Lithuania,2006-01-01,74.3
1319,LTU,Lithuania,2007-01-01,73.95
1320,LTU,Lithuania,2008-01-01,73.6
1321,LTU,Lithuania,2009-01-01,73.0
1322,LTU,Lithuania,2010-01-01,72.4
1323,LTU,Lithuania,2011-01-01,72.4
1324,LTU,Lithuania,2012-01-01,72.4
1325,LTU,Lithuania,2013-01-01,75.4
1326,LTU,Lithuania,2014-01-01,75.4
1327,LTU,Lithuania,2015-01-01,75.4
1328,LTU,Lithuania,2016-01-01,74.7
1329,LTU,Lithuania,2017-01-01,74.1
1330,LTU,Lithuania,2018-01-01,75.0
1331,LTU,Lithuania,2019-01-01,75.0
1332,LUX,Luxembourg,2006-01-01,91.0
1333,LUX,Luxembourg,2007-01-01,91.0
1334,LUX,Luxembourg,2008-01-01,91.0
1335,LUX,Luxembourg,2009-01-01,89.9
1336,LUX,Luxembourg,2010-01-01,88.8
1337,LUX,Luxembourg,2011-01-01,88.8
1338,LUX,Luxembourg,2012-01-01,88.8
1339,LUX,Luxembourg,2013-01-01,88.8
1340,LUX,Luxembourg,2014-01-01,88.8
1341,LUX,Luxembourg,2015-01-01,88.8
1342,LUX,Luxembourg,2016-01-01,88.1
1343,LUX,Luxembourg,2017-01-01,88.1
1344,LUX,Luxembourg,2018-01-01,88.1
1345,LUX,Luxembourg,2019-01-01,88.1
1346,LUX,Luxembourg,2020-01-01,86.8
1347,MKD,"Macedonia, FYR",2006-01-01,63.3
1348,MKD,"Macedonia, FYR",2007-01-01,62.7
1349,MKD,"Macedonia, FYR",2008-01-01,62.1
1350,MKD,"Macedonia, FYR",2009-01-01,61.85
1351,MKD,"Macedonia, FYR",2010-01-01,61.6
1352,MKD,"Macedonia, FYR",2011-01-01,61.6
1353,MKD,"Macedonia, FYR",2012-01-01,61.6
1354,MKD,"Macedonia, FYR",2013-01-01,61.6
1355,MKD,"Macedonia, FYR",2014-01-01,62.5
1356,MKD,"Macedonia, FYR",2015-01-01,60.2
1357,MKD,"Macedonia, FYR",2016-01-01,52.3
1358,MKD,"Macedonia, FYR",2017-01-01,55.7
1359,MKD,"Macedonia, FYR",2018-01-01,58.7
1360,MKD,"Macedonia, FYR",2019-01-01,59.7
1361,MKD,"Macedonia, FYR",2020-01-01,58.9
1362,MDG,Madagascar,2006-01-01,58.2
1363,MDG,Madagascar,2007-01-01,56.95
1364,MDG,Madagascar,2008-01-01,55.7
1365,MDG,Madagascar,2009-01-01,47.55
1366,MDG,Madagascar,2010-01-01,39.4
1367,MDG,Madagascar,2011-01-01,39.3
1368,MDG,Madagascar,2012-01-01,39.3
1369,MDG,Madagascar,2013-01-01,43.2
1370,MDG,Madagascar,2014-01-01,44.2
1371,MDG,Madagascar,2015-01-01,48.5
1372,MDG,Madagascar,2016-01-01,50.7
1373,MDG,Madagascar,2017-01-01,51.1
1374,MDG,Madagascar,2018-01-01,52.2
1375,MDG,Madagascar,2019-01-01,56.4
1376,MDG,Madagascar,2020-01-01,57.0
1377,MWI,Malawi,2006-01-01,49.7
1378,MWI,Malawi,2007-01-01,50.5
1379,MWI,Malawi,2008-01-01,51.3
1380,MWI,Malawi,2009-01-01,54.85
1381,MWI,Malawi,2010-01-01,58.4
1382,MWI,Malawi,2011-01-01,58.4
1383,MWI,Malawi,2012-01-01,60.8
1384,MWI,Malawi,2013-01-01,60.0
1385,MWI,Malawi,2014-01-01,56.6
1386,MWI,Malawi,2015-01-01,55.5
1387,MWI,Malawi,2016-01-01,55.5
1388,MWI,Malawi,2017-01-01,54.9
1389,MWI,Malawi,2018-01-01,54.9
1390,MWI,Malawi,2019-01-01,55.0
1391,MWI,Malawi,2020-01-01,57.4
1392,MYS,Malaysia,2006-01-01,59.8
1393,MYS,Malaysia,2007-01-01,61.7
1394,MYS,Malaysia,2008-01-01,63.6
1395,MYS,Malaysia,2009-01-01,62.75
1396,MYS,Malaysia,2010-01-01,61.9
1397,MYS,Malaysia,2011-01-01,61.9
1398,MYS,Malaysia,2012-01-01,64.1
1399,MYS,Malaysia,2013-01-01,64.9
1400,MYS,Malaysia,2014-01-01,64.9
1401,MYS,Malaysia,2015-01-01,64.3
1402,MYS,Malaysia,2016-01-01,65.4
1403,MYS,Malaysia,2017-01-01,65.4
1404,MYS,Malaysia,2018-01-01,68.8
1405,MYS,Malaysia,2019-01-01,71.6
1406,MYS,Malaysia,2020-01-01,71.9
1407,MLI,Mali,2006-01-01,59.9
1408,MLI,Mali,2007-01-01,59.3
1409,MLI,Mali,2008-01-01,58.7
1410,MLI,Mali,2009-01-01,59.4
1411,MLI,Mali,2010-01-01,60.1
1412,MLI,Mali,2011-01-01,63.6
1413,MLI,Mali,2012-01-01,51.2
1414,MLI,Mali,2013-01-01,59.0
1415,MLI,Mali,2014-01-01,57.9
1416,MLI,Mali,2015-01-01,57.0
1417,MLI,Mali,2016-01-01,57.0
1418,MLI,Mali,2017-01-01,56.4
1419,MLI,Mali,2018-01-01,54.1
1420,MLI,Mali,2019-01-01,49.2
1421,MLI,Mali,2020-01-01,39.3
1422,MLT,Malta,2006-01-01,83.9
1423,MLT,Malta,2007-01-01,83.9
1424,MLT,Malta,2008-01-01,83.9
1425,MLT,Malta,2009-01-01,83.35
1426,MLT,Malta,2010-01-01,82.8
1427,MLT,Malta,2011-01-01,82.8
1428,MLT,Malta,2012-01-01,82.8
1429,MLT,Malta,2013-01-01,82.8
1430,MLT,Malta,2014-01-01,83.9
1431,MLT,Malta,2015-01-01,83.9
1432,MLT,Malta,2016-01-01,83.9
1433,MLT,Malta,2017-01-01,81.5
1434,MLT,Malta,2018-01-01,82.1
1435,MLT,Malta,2019-01-01,79.5
1436,MLT,Malta,2020-01-01,76.8
1437,MRT,Mauritania,2006-01-01,31.2
1438,MRT,Mauritania,2007-01-01,35.15
1439,MRT,Mauritania,2008-01-01,39.1
1440,MRT,Mauritania,2009-01-01,38.85
1441,MRT,Mauritania,2010-01-01,38.6
1442,MRT,Mauritania,2011-01-01,41.7
1443,MRT,Mauritania,2012-01-01,41.7
1444,MRT,Mauritania,2013-01-01,41.7
1445,MRT,Mauritania,2014-01-01,41.7
1446,MRT,Mauritania,2015-01-01,39.6
1447,MRT,Mauritania,2016-01-01,39.6
1448,MRT,Mauritania,2017-01-01,38.2
1449,MRT,Mauritania,2018-01-01,38.2
1450,MRT,Mauritania,2019-01-01,39.2
1451,MRT,Mauritania,2020-01-01,39.2
1452,MUS,Mauritius,2006-01-01,80.4
1453,MUS,Mauritius,2007-01-01,80.4
1454,MUS,Mauritius,2008-01-01,80.4
1455,MUS,Mauritius,2009-01-01,80.4
1456,MUS,Mauritius,2010-01-01,80.4
1457,MUS,Mauritius,2011-01-01,80.4
1458,MUS,Mauritius,2012-01-01,81.7
1459,MUS,Mauritius,2013-01-01,81.7
1460,MUS,Mauritius,2014-01-01,81.7
1461,MUS,Mauritius,2015-01-01,82.8
1462,MUS,Mauritius,2016-01-01,82.8
1463,MUS,Mauritius,2017-01-01,82.2
1464,MUS,Mauritius,2018-01-01,82.2
1465,MUS,Mauritius,2019-01-01,82.2
1466,MUS,Mauritius,2020-01-01,81.4
1467,MEX,Mexico,2006-01-01,66.7
1468,MEX,Mexico,2007-01-01,67.25
1469,MEX,Mexico,2008-01-01,67.8
1470,MEX,Mexico,2009-01-01,68.55
1471,MEX,Mexico,2010-01-01,69.3
1472,MEX,Mexico,2011-01-01,69.3
1473,MEX,Mexico,2012-01-01,69.0
1474,MEX,Mexico,2013-01-01,69.1
1475,MEX,Mexico,2014-01-01,66.8
1476,MEX,Mexico,2015-01-01,65.5
1477,MEX,Mexico,2016-01-01,64.7
1478,MEX,Mexico,2017-01-01,64.1
1479,MEX,Mexico,2018-01-01,61.9
1480,MEX,Mexico,2019-01-01,60.9
1481,MEX,Mexico,2020-01-01,60.7
1482,MDA,Moldova,2006-01-01,65.0
1483,MDA,Moldova,2007-01-01,65.0
1484,MDA,Moldova,2008-01-01,65.0
1485,MDA,Moldova,2009-01-01,64.15
1486,MDA,Moldova,2010-01-01,63.3
1487,MDA,Moldova,2011-01-01,63.3
1488,MDA,Moldova,2012-01-01,63.2
1489,MDA,Moldova,2013-01-01,63.2
1490,MDA,Moldova,2014-01-01,63.2
1491,MDA,Moldova,2015-01-01,63.5
1492,MDA,Moldova,2016-01-01,60.1
1493,MDA,Moldova,2017-01-01,59.4
1494,MDA,Moldova,2018-01-01,58.5
1495,MDA,Moldova,2019-01-01,57.5
1496,MDA,Moldova,2020-01-01,57.8
1497,MNG,Mongolia,2006-01-01,66.0
1498,MNG,Mongolia,2007-01-01,66.0
1499,MNG,Mongolia,2008-01-01,66.0
1500,MNG,Mongolia,2009-01-01,64.8
1501,MNG,Mongolia,2010-01-01,63.6
1502,MNG,Mongolia,2011-01-01,62.3
1503,MNG,Mongolia,2012-01-01,63.5
1504,MNG,Mongolia,2013-01-01,65.1
1505,MNG,Mongolia,2014-01-01,66.2
1506,MNG,Mongolia,2015-01-01,66.2
1507,MNG,Mongolia,2016-01-01,66.2
1508,MNG,Mongolia,2017-01-01,65.0
1509,MNG,Mongolia,2018-01-01,65.0
1510,MNG,Mongolia,2019-01-01,65.0
1511,MNG,Mongolia,2020-01-01,64.8
1512,MNE,Montenegro,2006-01-01,65.7
1513,MNE,Montenegro,2007-01-01,65.0
1514,MNE,Montenegro,2008-01-01,64.3
1515,MNE,Montenegro,2009-01-01,63.5
1516,MNE,Montenegro,2010-01-01,62.7
1517,MNE,Montenegro,2011-01-01,61.5
1518,MNE,Montenegro,2012-01-01,60.5
1519,MNE,Montenegro,2013-01-01,59.4
1520,MNE,Montenegro,2014-01-01,59.4
1521,MNE,Montenegro,2015-01-01,60.1
1522,MNE,Montenegro,2016-01-01,57.2
1523,MNE,Montenegro,2017-01-01,56.9
1524,MNE,Montenegro,2018-01-01,57.4
1525,MNE,Montenegro,2019-01-01,56.5
1526,MNE,Montenegro,2020-01-01,57.7
1527,MAR,Morocco,2006-01-01,39.0
1528,MAR,Morocco,2007-01-01,38.9
1529,MAR,Morocco,2008-01-01,38.8
1530,MAR,Morocco,2009-01-01,38.35
1531,MAR,Morocco,2010-01-01,37.9
1532,MAR,Morocco,2011-01-01,38.3
1533,MAR,Morocco,2012-01-01,40.7
1534,MAR,Morocco,2013-01-01,40.7
1535,MAR,Morocco,2014-01-01,40.0
1536,MAR,Morocco,2015-01-01,46.6
1537,MAR,Morocco,2016-01-01,47.7
1538,MAR,Morocco,2017-01-01,48.7
1539,MAR,Morocco,2018-01-01,49.9
1540,MAR,Morocco,2019-01-01,51.0
1541,MAR,Morocco,2020-01-01,50.4
1542,MOZ,Mozambique,2006-01-01,52.8
1543,MOZ,Mozambique,2007-01-01,53.85
1544,MOZ,Mozambique,2008-01-01,54.9
1545,MOZ,Mozambique,2009-01-01,51.95
1546,MOZ,Mozambique,2010-01-01,49.0
1547,MOZ,Mozambique,2011-01-01,49.0
1548,MOZ,Mozambique,2012-01-01,48.8
1549,MOZ,Mozambique,2013-01-01,47.7
1550,MOZ,Mozambique,2014-01-01,46.6
1551,MOZ,Mozambique,2015-01-01,46.0
1552,MOZ,Mozambique,2016-01-01,40.2
1553,MOZ,Mozambique,2017-01-01,40.2
1554,MOZ,Mozambique,2018-01-01,38.5
1555,MOZ,Mozambique,2019-01-01,36.5
1556,MOZ,Mozambique,2020-01-01,35.1
1557,MMR,Myanmar,2006-01-01,17.7
1558,MMR,Myanmar,2007-01-01,17.7
1559,MMR,Myanmar,2008-01-01,17.7
1560,MMR,Myanmar,2009-01-01,17.7
1561,MMR,Myanmar,2010-01-01,17.7
1562,MMR,Myanmar,2011-01-01,17.7
1563,MMR,Myanmar,2012-01-01,23.5
1564,MMR,Myanmar,2013-01-01,27.6
1565,MMR,Myanmar,2014-01-01,30.5
1566,MMR,Myanmar,2015-01-01,41.4
1567,MMR,Myanmar,2016-01-01,42.0
1568,MMR,Myanmar,2017-01-01,38.3
1569,MMR,Myanmar,2018-01-01,38.3
1570,MMR,Myanmar,2019-01-01,35.5
1571,MMR,Myanmar,2020-01-01,30.4
1572,NAM,Namibia,2006-01-01,65.4
1573,NAM,Namibia,2007-01-01,65.1
1574,NAM,Namibia,2008-01-01,64.8
1575,NAM,Namibia,2009-01-01,63.55
1576,NAM,Namibia,2010-01-01,62.3
1577,NAM,Namibia,2011-01-01,62.4
1578,NAM,Namibia,2012-01-01,62.4
1579,NAM,Namibia,2013-01-01,62.4
1580,NAM,Namibia,2014-01-01,62.4
1581,NAM,Namibia,2015-01-01,63.1
1582,NAM,Namibia,2016-01-01,63.1
1583,NAM,Namibia,2017-01-01,63.1
1584,NAM,Namibia,2018-01-01,62.5
1585,NAM,Namibia,2019-01-01,64.3
1586,NAM,Namibia,2020-01-01,65.2
1587,NPL,Nepal,2006-01-01,34.2
1588,NPL,Nepal,2007-01-01,37.35
1589,NPL,Nepal,2008-01-01,40.5
1590,NPL,Nepal,2009-01-01,41.45
1591,NPL,Nepal,2010-01-01,42.4
1592,NPL,Nepal,2011-01-01,42.4
1593,NPL,Nepal,2012-01-01,41.6
1594,NPL,Nepal,2013-01-01,47.7
1595,NPL,Nepal,2014-01-01,47.7
1596,NPL,Nepal,2015-01-01,47.7
1597,NPL,Nepal,2016-01-01,48.6
1598,NPL,Nepal,2017-01-01,51.8
1599,NPL,Nepal,2018-01-01,51.8
1600,NPL,Nepal,2019-01-01,52.8
1601,NPL,Nepal,2020-01-01,52.2
1602,NLD,Netherlands,2006-01-01,96.6
1603,NLD,Netherlands,2007-01-01,95.95
1604,NLD,Netherlands,2008-01-01,95.3
1605,NLD,Netherlands,2009-01-01,92.6
1606,NLD,Netherlands,2010-01-01,89.9
1607,NLD,Netherlands,2011-01-01,89.9
1608,NLD,Netherlands,2012-01-01,89.9
1609,NLD,Netherlands,2013-01-01,88.4
1610,NLD,Netherlands,2014-01-01,89.2
1611,NLD,Netherlands,2015-01-01,89.2
1612,NLD,Netherlands,2016-01-01,88.0
1613,NLD,Netherlands,2017-01-01,88.9
1614,NLD,Netherlands,2018-01-01,88.9
1615,NLD,Netherlands,2019-01-01,90.1
1616,NLD,Netherlands,2020-01-01,89.6
1617,NZL,New Zealand,2006-01-01,90.1
1618,NZL,New Zealand,2007-01-01,91.0
1619,NZL,New Zealand,2008-01-01,91.9
1620,NZL,New Zealand,2009-01-01,92.25
1621,NZL,New Zealand,2010-01-01,92.6
1622,NZL,New Zealand,2011-01-01,92.6
1623,NZL,New Zealand,2012-01-01,92.6
1624,NZL,New Zealand,2013-01-01,92.6
1625,NZL,New Zealand,2014-01-01,92.6
1626,NZL,New Zealand,2015-01-01,92.6
1627,NZL,New Zealand,2016-01-01,92.6
1628,NZL,New Zealand,2017-01-01,92.6
1629,NZL,New Zealand,2018-01-01,92.6
1630,NZL,New Zealand,2019-01-01,92.6
1631,NZL,New Zealand,2020-01-01,92.5
1632,NIC,Nicaragua,2006-01-01,56.8
1633,NIC,Nicaragua,2007-01-01,58.75
1634,NIC,Nicaragua,2008-01-01,60.7
1635,NIC,Nicaragua,2009-01-01,59.0
1636,NIC,Nicaragua,2010-01-01,57.3
1637,NIC,Nicaragua,2011-01-01,55.6
1638,NIC,Nicaragua,2012-01-01,55.6
1639,NIC,Nicaragua,2013-01-01,54.6
1640,NIC,Nicaragua,2014-01-01,53.2
1641,NIC,Nicaragua,2015-01-01,52.6
1642,NIC,Nicaragua,2016-01-01,48.1
1643,NIC,Nicaragua,2017-01-01,46.6
1644,NIC,Nicaragua,2018-01-01,36.3
1645,NIC,Nicaragua,2019-01-01,35.5
1646,NIC,Nicaragua,2020-01-01,36.0
1647,NER,Niger,2006-01-01,35.4
1648,NER,Niger,2007-01-01,34.75
1649,NER,Niger,2008-01-01,34.1
1650,NER,Niger,2009-01-01,33.95
1651,NER,Niger,2010-01-01,33.8
1652,NER,Niger,2011-01-01,41.6
1653,NER,Niger,2012-01-01,41.6
1654,NER,Niger,2013-01-01,40.8
1655,NER,Niger,2014-01-01,40.2
1656,NER,Niger,2015-01-01,38.5
1657,NER,Niger,2016-01-01,39.6
1658,NER,Niger,2017-01-01,37.6
1659,NER,Niger,2018-01-01,37.6
1660,NER,Niger,2019-01-01,32.9
1661,NER,Niger,2020-01-01,32.9
1662,NGA,Nigeria,2006-01-01,35.2
1663,NGA,Nigeria,2007-01-01,35.25
1664,NGA,Nigeria,2008-01-01,35.3
1665,NGA,Nigeria,2009-01-01,35.0
1666,NGA,Nigeria,2010-01-01,34.7
1667,NGA,Nigeria,2011-01-01,38.3
1668,NGA,Nigeria,2012-01-01,37.7
1669,NGA,Nigeria,2013-01-01,37.7
1670,NGA,Nigeria,2014-01-01,37.6
1671,NGA,Nigeria,2015-01-01,46.2
1672,NGA,Nigeria,2016-01-01,45.0
1673,NGA,Nigeria,2017-01-01,44.4
1674,NGA,Nigeria,2018-01-01,44.4
1675,NGA,Nigeria,2019-01-01,41.2
1676,NGA,Nigeria,2020-01-01,41.0
1677,PRK,North Korea,2006-01-01,10.3
1678,PRK,North Korea,2007-01-01,9.45
1679,PRK,North Korea,2008-01-01,8.6
1680,PRK,North Korea,2009-01-01,9.7
1681,PRK,North Korea,2010-01-01,10.8
1682,PRK,North Korea,2011-01-01,10.8
1683,PRK,North Korea,2012-01-01,10.8
1684,PRK,North Korea,2013-01-01,10.8
1685,PRK,North Korea,2014-01-01,10.8
1686,PRK,North Korea,2015-01-01,10.8
1687,PRK,North Korea,2016-01-01,10.8
1688,PRK,North Korea,2017-01-01,10.8
1689,PRK,North Korea,2018-01-01,10.8
1690,PRK,North Korea,2019-01-01,10.8
1691,PRK,North Korea,2020-01-01,10.8
1692,NOR,Norway,2006-01-01,95.5
1693,NOR,Norway,2007-01-01,96.15
1694,NOR,Norway,2008-01-01,96.8
1695,NOR,Norway,2009-01-01,97.4
1696,NOR,Norway,2010-01-01,98.0
1697,NOR,Norway,2011-01-01,98.0
1698,NOR,Norway,2012-01-01,99.3
1699,NOR,Norway,2013-01-01,99.3
1700,NOR,Norway,2014-01-01,99.3
1701,NOR,Norway,2015-01-01,99.3
1702,NOR,Norway,2016-01-01,99.3
1703,NOR,Norway,2017-01-01,98.7
1704,NOR,Norway,2018-01-01,98.7
1705,NOR,Norway,2019-01-01,98.7
1706,NOR,Norway,2020-01-01,98.1
1707,OMN,Oman,2006-01-01,27.7
1708,OMN,Oman,2007-01-01,28.75
1709,OMN,Oman,2008-01-01,29.8
1710,OMN,Oman,2009-01-01,29.2
1711,OMN,Oman,2010-01-01,28.6
1712,OMN,Oman,2011-01-01,32.6
1713,OMN,Oman,2012-01-01,32.6
1714,OMN,Oman,2013-01-01,32.6
1715,OMN,Oman,2014-01-01,31.5
1716,OMN,Oman,2015-01-01,30.4
1717,OMN,Oman,2016-01-01,30.4
1718,OMN,Oman,2017-01-01,30.4
1719,OMN,Oman,2018-01-01,30.4
1720,OMN,Oman,2019-01-01,30.6
1721,OMN,Oman,2020-01-01,30.0
1722,PAK,Pakistan,2006-01-01,39.2
1723,PAK,Pakistan,2007-01-01,41.9
1724,PAK,Pakistan,2008-01-01,44.6
1725,PAK,Pakistan,2009-01-01,45.05
1726,PAK,Pakistan,2010-01-01,45.5
1727,PAK,Pakistan,2011-01-01,45.5
1728,PAK,Pakistan,2012-01-01,45.7
1729,PAK,Pakistan,2013-01-01,46.4
1730,PAK,Pakistan,2014-01-01,46.4
1731,PAK,Pakistan,2015-01-01,44.0
1732,PAK,Pakistan,2016-01-01,43.3
1733,PAK,Pakistan,2017-01-01,42.6
1734,PAK,Pakistan,2018-01-01,41.7
1735,PAK,Pakistan,2019-01-01,42.5
1736,PAK,Pakistan,2020-01-01,43.1
1737,PSE,Palestine,2006-01-01,60.1
1738,PSE,Palestine,2007-01-01,59.2
1739,PSE,Palestine,2008-01-01,58.3
1740,PSE,Palestine,2009-01-01,56.35
1741,PSE,Palestine,2010-01-01,54.4
1742,PSE,Palestine,2011-01-01,49.7
1743,PSE,Palestine,2012-01-01,48.0
1744,PSE,Palestine,2013-01-01,48.0
1745,PSE,Palestine,2014-01-01,47.2
1746,PSE,Palestine,2015-01-01,45.7
1747,PSE,Palestine,2016-01-01,44.9
1748,PSE,Palestine,2017-01-01,44.6
1749,PSE,Palestine,2018-01-01,43.9
1750,PSE,Palestine,2019-01-01,38.9
1751,PSE,Palestine,2020-01-01,38.3
1752,PAN,Panama,2006-01-01,73.5
1753,PAN,Panama,2007-01-01,73.5
1754,PAN,Panama,2008-01-01,73.5
1755,PAN,Panama,2009-01-01,72.5
1756,PAN,Panama,2010-01-01,71.5
1757,PAN,Panama,2011-01-01,70.8
1758,PAN,Panama,2012-01-01,70.8
1759,PAN,Panama,2013-01-01,70.8
1760,PAN,Panama,2014-01-01,70.8
1761,PAN,Panama,2015-01-01,71.9
1762,PAN,Panama,2016-01-01,71.3
1763,PAN,Panama,2017-01-01,70.8
1764,PAN,Panama,2018-01-01,70.5
1765,PAN,Panama,2019-01-01,70.5
1766,PAN,Panama,2020-01-01,71.8
1767,PNG,Papua New Guinea,2006-01-01,65.4
1768,PNG,Papua New Guinea,2007-01-01,65.4
1769,PNG,Papua New Guinea,2008-01-01,65.4
1770,PNG,Papua New Guinea,2009-01-01,65.4
1771,PNG,Papua New Guinea,2010-01-01,65.4
1772,PNG,Papua New Guinea,2011-01-01,63.2
1773,PNG,Papua New Guinea,2012-01-01,63.2
1774,PNG,Papua New Guinea,2013-01-01,63.6
1775,PNG,Papua New Guinea,2014-01-01,60.3
1776,PNG,Papua New Guinea,2015-01-01,60.3
1777,PNG,Papua New Guinea,2016-01-01,60.3
1778,PNG,Papua New Guinea,2017-01-01,60.3
1779,PNG,Papua New Guinea,2018-01-01,60.3
1780,PNG,Papua New Guinea,2019-01-01,60.3
1781,PNG,Papua New Guinea,2020-01-01,61.0
1782,PRY,Paraguay,2006-01-01,61.6
1783,PRY,Paraguay,2007-01-01,62.8
1784,PRY,Paraguay,2008-01-01,64.0
1785,PRY,Paraguay,2009-01-01,64.0
1786,PRY,Paraguay,2010-01-01,64.0
1787,PRY,Paraguay,2011-01-01,64.0
1788,PRY,Paraguay,2012-01-01,62.6
1789,PRY,Paraguay,2013-01-01,62.6
1790,PRY,Paraguay,2014-01-01,62.6
1791,PRY,Paraguay,2015-01-01,63.3
1792,PRY,Paraguay,2016-01-01,62.7
1793,PRY,Paraguay,2017-01-01,63.1
1794,PRY,Paraguay,2018-01-01,62.4
1795,PRY,Paraguay,2019-01-01,62.4
1796,PRY,Paraguay,2020-01-01,61.8
1797,PER,Peru,2006-01-01,61.1
1798,PER,Peru,2007-01-01,62.1
1799,PER,Peru,2008-01-01,63.1
1800,PER,Peru,2009-01-01,63.55
1801,PER,Peru,2010-01-01,64.0
1802,PER,Peru,2011-01-01,65.9
1803,PER,Peru,2012-01-01,64.7
1804,PER,Peru,2013-01-01,65.4
1805,PER,Peru,2014-01-01,65.4
1806,PER,Peru,2015-01-01,65.8
1807,PER,Peru,2016-01-01,66.5
1808,PER,Peru,2017-01-01,64.9
1809,PER,Peru,2018-01-01,66.0
1810,PER,Peru,2019-01-01,66.0
1811,PER,Peru,2020-01-01,65.3
1812,PHL,Philippines,2006-01-01,64.8
1813,PHL,Philippines,2007-01-01,63.0
1814,PHL,Philippines,2008-01-01,61.2
1815,PHL,Philippines,2009-01-01,61.2
1816,PHL,Philippines,2010-01-01,61.2
1817,PHL,Philippines,2011-01-01,61.2
1818,PHL,Philippines,2012-01-01,63.0
1819,PHL,Philippines,2013-01-01,64.1
1820,PHL,Philippines,2014-01-01,67.7
1821,PHL,Philippines,2015-01-01,68.4
1822,PHL,Philippines,2016-01-01,69.4
1823,PHL,Philippines,2017-01-01,67.1
1824,PHL,Philippines,2018-01-01,67.1
1825,PHL,Philippines,2019-01-01,66.4
1826,PHL,Philippines,2020-01-01,65.6
1827,POL,Poland,2006-01-01,73.0
1828,POL,Poland,2007-01-01,73.0
1829,POL,Poland,2008-01-01,73.0
1830,POL,Poland,2009-01-01,71.75
1831,POL,Poland,2010-01-01,70.5
1832,POL,Poland,2011-01-01,71.2
1833,POL,Poland,2012-01-01,71.2
1834,POL,Poland,2013-01-01,71.2
1835,POL,Poland,2014-01-01,74.7
1836,POL,Poland,2015-01-01,70.9
1837,POL,Poland,2016-01-01,68.3
1838,POL,Poland,2017-01-01,66.7
1839,POL,Poland,2018-01-01,66.7
1840,POL,Poland,2019-01-01,66.2
1841,POL,Poland,2020-01-01,68.5
1842,PRT,Portugal,2006-01-01,81.6
1843,PRT,Portugal,2007-01-01,81.05
1844,PRT,Portugal,2008-01-01,80.5
1845,PRT,Portugal,2009-01-01,80.35
1846,PRT,Portugal,2010-01-01,80.2
1847,PRT,Portugal,2011-01-01,78.1
1848,PRT,Portugal,2012-01-01,79.2
1849,PRT,Portugal,2013-01-01,76.5
1850,PRT,Portugal,2014-01-01,77.9
1851,PRT,Portugal,2015-01-01,77.9
1852,PRT,Portugal,2016-01-01,78.6
1853,PRT,Portugal,2017-01-01,78.4
1854,PRT,Portugal,2018-01-01,78.4
1855,PRT,Portugal,2019-01-01,80.3
1856,PRT,Portugal,2020-01-01,79.0
1857,QAT,Qatar,2006-01-01,27.8
1858,QAT,Qatar,2007-01-01,28.5
1859,QAT,Qatar,2008-01-01,29.2
1860,QAT,Qatar,2009-01-01,30.05
1861,QAT,Qatar,2010-01-01,30.9
1862,QAT,Qatar,2011-01-01,31.8
1863,QAT,Qatar,2012-01-01,31.8
1864,QAT,Qatar,2013-01-01,31.8
1865,QAT,Qatar,2014-01-01,31.8
1866,QAT,Qatar,2015-01-01,31.8
1867,QAT,Qatar,2016-01-01,31.8
1868,QAT,Qatar,2017-01-01,31.9
1869,QAT,Qatar,2018-01-01,31.9
1870,QAT,Qatar,2019-01-01,31.9
1871,QAT,Qatar,2020-01-01,32.4
1872,ROU,Romania,2006-01-01,70.6
1873,ROU,Romania,2007-01-01,70.6
1874,ROU,Romania,2008-01-01,70.6
1875,ROU,Romania,2009-01-01,68.3
1876,ROU,Romania,2010-01-01,66.0
1877,ROU,Romania,2011-01-01,65.4
1878,ROU,Romania,2012-01-01,65.4
1879,ROU,Romania,2013-01-01,65.4
1880,ROU,Romania,2014-01-01,66.8
1881,ROU,Romania,2015-01-01,66.8
1882,ROU,Romania,2016-01-01,66.2
1883,ROU,Romania,2017-01-01,64.4
1884,ROU,Romania,2018-01-01,63.8
1885,ROU,Romania,2019-01-01,64.9
1886,ROU,Romania,2020-01-01,64.0
1887,RUS,Russia,2006-01-01,50.2
1888,RUS,Russia,2007-01-01,47.5
1889,RUS,Russia,2008-01-01,44.8
1890,RUS,Russia,2009-01-01,43.7
1891,RUS,Russia,2010-01-01,42.6
1892,RUS,Russia,2011-01-01,39.2
1893,RUS,Russia,2012-01-01,37.4
1894,RUS,Russia,2013-01-01,35.9
1895,RUS,Russia,2014-01-01,33.9
1896,RUS,Russia,2015-01-01,33.1
1897,RUS,Russia,2016-01-01,32.4
1898,RUS,Russia,2017-01-01,31.7
1899,RUS,Russia,2018-01-01,29.4
1900,RUS,Russia,2019-01-01,31.1
1901,RUS,Russia,2020-01-01,33.1
1902,RWA,Rwanda,2006-01-01,38.2
1903,RWA,Rwanda,2007-01-01,37.65
1904,RWA,Rwanda,2008-01-01,37.1
1905,RWA,Rwanda,2009-01-01,34.8
1906,RWA,Rwanda,2010-01-01,32.5
1907,RWA,Rwanda,2011-01-01,32.5
1908,RWA,Rwanda,2012-01-01,33.6
1909,RWA,Rwanda,2013-01-01,33.8
1910,RWA,Rwanda,2014-01-01,32.5
1911,RWA,Rwanda,2015-01-01,30.7
1912,RWA,Rwanda,2016-01-01,30.7
1913,RWA,Rwanda,2017-01-01,31.9
1914,RWA,Rwanda,2018-01-01,33.5
1915,RWA,Rwanda,2019-01-01,31.6
1916,RWA,Rwanda,2020-01-01,31.0
1917,SAU,Saudi Arabia,2006-01-01,19.2
1918,SAU,Saudi Arabia,2007-01-01,19.1
1919,SAU,Saudi Arabia,2008-01-01,19.0
1920,SAU,Saudi Arabia,2009-01-01,18.7
1921,SAU,Saudi Arabia,2010-01-01,18.4
1922,SAU,Saudi Arabia,2011-01-01,17.7
1923,SAU,Saudi Arabia,2012-01-01,17.1
1924,SAU,Saudi Arabia,2013-01-01,18.2
1925,SAU,Saudi Arabia,2014-01-01,18.2
1926,SAU,Saudi Arabia,2015-01-01,19.3
1927,SAU,Saudi Arabia,2016-01-01,19.3
1928,SAU,Saudi Arabia,2017-01-01,19.3
1929,SAU,Saudi Arabia,2018-01-01,19.3
1930,SAU,Saudi Arabia,2019-01-01,19.3
1931,SAU,Saudi Arabia,2020-01-01,20.8
1932,SEN,Senegal,2006-01-01,53.7
1933,SEN,Senegal,2007-01-01,53.7
1934,SEN,Senegal,2008-01-01,53.7
1935,SEN,Senegal,2009-01-01,53.2
1936,SEN,Senegal,2010-01-01,52.7
1937,SEN,Senegal,2011-01-01,55.1
1938,SEN,Senegal,2012-01-01,60.9
1939,SEN,Senegal,2013-01-01,61.5
1940,SEN,Senegal,2014-01-01,61.5
1941,SEN,Senegal,2015-01-01,60.8
1942,SEN,Senegal,2016-01-01,62.1
1943,SEN,Senegal,2017-01-01,61.5
1944,SEN,Senegal,2018-01-01,61.5
1945,SEN,Senegal,2019-01-01,58.1
1946,SEN,Senegal,2020-01-01,56.7
1947,SRB,Serbia,2006-01-01,66.2
1948,SRB,Serbia,2007-01-01,65.55
1949,SRB,Serbia,2008-01-01,64.9
1950,SRB,Serbia,2009-01-01,64.1
1951,SRB,Serbia,2010-01-01,63.3
1952,SRB,Serbia,2011-01-01,63.3
1953,SRB,Serbia,2012-01-01,63.3
1954,SRB,Serbia,2013-01-01,66.7
1955,SRB,Serbia,2014-01-01,67.1
1956,SRB,Serbia,2015-01-01,67.1
1957,SRB,Serbia,2016-01-01,65.7
1958,SRB,Serbia,2017-01-01,64.1
1959,SRB,Serbia,2018-01-01,64.1
1960,SRB,Serbia,2019-01-01,64.1
1961,SRB,Serbia,2020-01-01,62.2
1962,SLE,Sierra Leone,2006-01-01,35.7
1963,SLE,Sierra Leone,2007-01-01,38.4
1964,SLE,Sierra Leone,2008-01-01,41.1
1965,SLE,Sierra Leone,2009-01-01,43.1
1966,SLE,Sierra Leone,2010-01-01,45.1
1967,SLE,Sierra Leone,2011-01-01,45.1
1968,SLE,Sierra Leone,2012-01-01,47.1
1969,SLE,Sierra Leone,2013-01-01,46.4
1970,SLE,Sierra Leone,2014-01-01,45.6
1971,SLE,Sierra Leone,2015-01-01,45.5
1972,SLE,Sierra Leone,2016-01-01,45.5
1973,SLE,Sierra Leone,2017-01-01,46.6
1974,SLE,Sierra Leone,2018-01-01,46.6
1975,SLE,Sierra Leone,2019-01-01,48.6
1976,SLE,Sierra Leone,2020-01-01,48.6
1977,SGP,Singapore,2006-01-01,58.9
1978,SGP,Singapore,2007-01-01,58.9
1979,SGP,Singapore,2008-01-01,58.9
1980,SGP,Singapore,2009-01-01,58.9
1981,SGP,Singapore,2010-01-01,58.9
1982,SGP,Singapore,2011-01-01,58.9
1983,SGP,Singapore,2012-01-01,58.8
1984,SGP,Singapore,2013-01-01,59.2
1985,SGP,Singapore,2014-01-01,60.3
1986,SGP,Singapore,2015-01-01,61.4
1987,SGP,Singapore,2016-01-01,63.8
1988,SGP,Singapore,2017-01-01,63.2
1989,SGP,Singapore,2018-01-01,63.8
1990,SGP,Singapore,2019-01-01,60.2
1991,SGP,Singapore,2020-01-01,60.3
1992,SVK,Slovak Republic,2006-01-01,74.0
1993,SVK,Slovak Republic,2007-01-01,73.65
1994,SVK,Slovak Republic,2008-01-01,73.3
1995,SVK,Slovak Republic,2009-01-01,73.4
1996,SVK,Slovak Republic,2010-01-01,73.5
1997,SVK,Slovak Republic,2011-01-01,73.5
1998,SVK,Slovak Republic,2012-01-01,73.5
1999,SVK,Slovak Republic,2013-01-01,73.5
2000,SVK,Slovak Republic,2014-01-01,73.5
2001,SVK,Slovak Republic,2015-01-01,72.9
2002,SVK,Slovak Republic,2016-01-01,72.9
2003,SVK,Slovak Republic,2017-01-01,71.6
2004,SVK,Slovak Republic,2018-01-01,71.0
2005,SVK,Slovak Republic,2019-01-01,71.7
2006,SVK,Slovak Republic,2020-01-01,69.7
2007,SVN,Slovenia,2006-01-01,79.6
2008,SVN,Slovenia,2007-01-01,79.6
2009,SVN,Slovenia,2008-01-01,79.6
2010,SVN,Slovenia,2009-01-01,78.25
2011,SVN,Slovenia,2010-01-01,76.9
2012,SVN,Slovenia,2011-01-01,77.6
2013,SVN,Slovenia,2012-01-01,78.8
2014,SVN,Slovenia,2013-01-01,78.8
2015,SVN,Slovenia,2014-01-01,75.7
2016,SVN,Slovenia,2015-01-01,75.7
2017,SVN,Slovenia,2016-01-01,75.1
2018,SVN,Slovenia,2017-01-01,75.0
2019,SVN,Slovenia,2018-01-01,75.0
2020,SVN,Slovenia,2019-01-01,75.0
2021,SVN,Slovenia,2020-01-01,75.4
2022,ZAF,South Africa,2006-01-01,79.1
2023,ZAF,South Africa,2007-01-01,79.1
2024,ZAF,South Africa,2008-01-01,79.1
2025,ZAF,South Africa,2009-01-01,78.5
2026,ZAF,South Africa,2010-01-01,77.9
2027,ZAF,South Africa,2011-01-01,77.9
2028,ZAF,South Africa,2012-01-01,77.9
2029,ZAF,South Africa,2013-01-01,79.0
2030,ZAF,South Africa,2014-01-01,78.2
2031,ZAF,South Africa,2015-01-01,75.6
2032,ZAF,South Africa,2016-01-01,74.1
2033,ZAF,South Africa,2017-01-01,72.4
2034,ZAF,South Africa,2018-01-01,72.4
2035,ZAF,South Africa,2019-01-01,72.4
2036,ZAF,South Africa,2020-01-01,70.5
2037,KOR,South Korea,2006-01-01,78.8
2038,KOR,South Korea,2007-01-01,79.45
2039,KOR,South Korea,2008-01-01,80.1
2040,KOR,South Korea,2009-01-01,80.6
2041,KOR,South Korea,2010-01-01,81.1
2042,KOR,South Korea,2011-01-01,80.6
2043,KOR,South Korea,2012-01-01,81.3
2044,KOR,South Korea,2013-01-01,80.6
2045,KOR,South Korea,2014-01-01,80.6
2046,KOR,South Korea,2015-01-01,79.7
2047,KOR,South Korea,2016-01-01,79.2
2048,KOR,South Korea,2017-01-01,80.0
2049,KOR,South Korea,2018-01-01,80.0
2050,KOR,South Korea,2019-01-01,80.0
2051,KOR,South Korea,2020-01-01,80.1
2052,ESP,Spain,2006-01-01,83.4
2053,ESP,Spain,2007-01-01,83.95
2054,ESP,Spain,2008-01-01,84.5
2055,ESP,Spain,2009-01-01,83.05
2056,ESP,Spain,2010-01-01,81.6
2057,ESP,Spain,2011-01-01,80.2
2058,ESP,Spain,2012-01-01,80.2
2059,ESP,Spain,2013-01-01,80.2
2060,ESP,Spain,2014-01-01,80.5
2061,ESP,Spain,2015-01-01,83.0
2062,ESP,Spain,2016-01-01,83.0
2063,ESP,Spain,2017-01-01,80.8
2064,ESP,Spain,2018-01-01,80.8
2065,ESP,Spain,2019-01-01,82.9
2066,ESP,Spain,2020-01-01,81.2
2067,LKA,Sri Lanka,2006-01-01,65.8
2068,LKA,Sri Lanka,2007-01-01,65.95
2069,LKA,Sri Lanka,2008-01-01,66.1
2070,LKA,Sri Lanka,2009-01-01,66.25
2071,LKA,Sri Lanka,2010-01-01,66.4
2072,LKA,Sri Lanka,2011-01-01,65.8
2073,LKA,Sri Lanka,2012-01-01,57.5
2074,LKA,Sri Lanka,2013-01-01,56.9
2075,LKA,Sri Lanka,2014-01-01,56.9
2076,LKA,Sri Lanka,2015-01-01,64.2
2077,LKA,Sri Lanka,2016-01-01,64.8
2078,LKA,Sri Lanka,2017-01-01,64.8
2079,LKA,Sri Lanka,2018-01-01,61.9
2080,LKA,Sri Lanka,2019-01-01,62.7
2081,LKA,Sri Lanka,2020-01-01,61.4
2082,SDN,Sudan,2006-01-01,29.0
2083,SDN,Sudan,2007-01-01,28.55
2084,SDN,Sudan,2008-01-01,28.1
2085,SDN,Sudan,2009-01-01,26.15
2086,SDN,Sudan,2010-01-01,24.2
2087,SDN,Sudan,2011-01-01,23.8
2088,SDN,Sudan,2012-01-01,23.8
2089,SDN,Sudan,2013-01-01,25.4
2090,SDN,Sudan,2014-01-01,25.4
2091,SDN,Sudan,2015-01-01,23.7
2092,SDN,Sudan,2016-01-01,23.7
2093,SDN,Sudan,2017-01-01,21.5
2094,SDN,Sudan,2018-01-01,21.5
2095,SDN,Sudan,2019-01-01,27.0
2096,SDN,Sudan,2020-01-01,25.4
2097,SUR,Suriname,2006-01-01,65.2
2098,SUR,Suriname,2007-01-01,65.5
2099,SUR,Suriname,2008-01-01,65.8
2100,SUR,Suriname,2009-01-01,66.15
2101,SUR,Suriname,2010-01-01,66.5
2102,SUR,Suriname,2011-01-01,66.5
2103,SUR,Suriname,2012-01-01,66.5
2104,SUR,Suriname,2013-01-01,67.7
2105,SUR,Suriname,2014-01-01,67.7
2106,SUR,Suriname,2015-01-01,67.7
2107,SUR,Suriname,2016-01-01,67.7
2108,SUR,Suriname,2017-01-01,67.6
2109,SUR,Suriname,2018-01-01,69.8
2110,SUR,Suriname,2019-01-01,69.8
2111,SUR,Suriname,2020-01-01,68.2
2112,SWZ,Swaziland,2006-01-01,29.3
2113,SWZ,Swaziland,2007-01-01,29.85
2114,SWZ,Swaziland,2008-01-01,30.4
2115,SWZ,Swaziland,2009-01-01,29.7
2116,SWZ,Swaziland,2010-01-01,29.0
2117,SWZ,Swaziland,2011-01-01,32.6
2118,SWZ,Swaziland,2012-01-01,32.0
2119,SWZ,Swaziland,2013-01-01,32.0
2120,SWZ,Swaziland,2014-01-01,30.9
2121,SWZ,Swaziland,2015-01-01,30.9
2122,SWZ,Swaziland,2016-01-01,30.3
2123,SWZ,Swaziland,2017-01-01,30.3
2124,SWZ,Swaziland,2018-01-01,30.3
2125,SWZ,Swaziland,2019-01-01,31.4
2126,SWZ,Swaziland,2020-01-01,30.8
2127,SWE,Sweden,2006-01-01,98.8
2128,SWE,Sweden,2007-01-01,98.8
2129,SWE,Sweden,2008-01-01,98.8
2130,SWE,Sweden,2009-01-01,96.9
2131,SWE,Sweden,2010-01-01,95.0
2132,SWE,Sweden,2011-01-01,95.0
2133,SWE,Sweden,2012-01-01,97.3
2134,SWE,Sweden,2013-01-01,97.3
2135,SWE,Sweden,2014-01-01,97.3
2136,SWE,Sweden,2015-01-01,94.5
2137,SWE,Sweden,2016-01-01,93.9
2138,SWE,Sweden,2017-01-01,93.9
2139,SWE,Sweden,2018-01-01,93.9
2140,SWE,Sweden,2019-01-01,93.9
2141,SWE,Sweden,2020-01-01,92.6
2142,CHE,Switzerland,2006-01-01,90.2
2143,CHE,Switzerland,2007-01-01,90.85
2144,CHE,Switzerland,2008-01-01,91.5
2145,CHE,Switzerland,2009-01-01,91.2
2146,CHE,Switzerland,2010-01-01,90.9
2147,CHE,Switzerland,2011-01-01,90.9
2148,CHE,Switzerland,2012-01-01,90.9
2149,CHE,Switzerland,2013-01-01,90.9
2150,CHE,Switzerland,2014-01-01,90.9
2151,CHE,Switzerland,2015-01-01,90.9
2152,CHE,Switzerland,2016-01-01,90.9
2153,CHE,Switzerland,2017-01-01,90.3
2154,CHE,Switzerland,2018-01-01,90.3
2155,CHE,Switzerland,2019-01-01,90.3
2156,CHE,Switzerland,2020-01-01,88.3
2157,SYR,Syria,2006-01-01,23.6
2158,SYR,Syria,2007-01-01,22.7
2159,SYR,Syria,2008-01-01,21.8
2160,SYR,Syria,2009-01-01,22.45
2161,SYR,Syria,2010-01-01,23.1
2162,SYR,Syria,2011-01-01,19.9
2163,SYR,Syria,2012-01-01,16.3
2164,SYR,Syria,2013-01-01,18.6
2165,SYR,Syria,2014-01-01,17.4
2166,SYR,Syria,2015-01-01,14.3
2167,SYR,Syria,2016-01-01,14.3
2168,SYR,Syria,2017-01-01,14.3
2169,SYR,Syria,2018-01-01,14.3
2170,SYR,Syria,2019-01-01,14.3
2171,SYR,Syria,2020-01-01,14.3
2172,TWN,Taiwan,2006-01-01,78.2
2173,TWN,Taiwan,2007-01-01,78.2
2174,TWN,Taiwan,2008-01-01,78.2
2175,TWN,Taiwan,2009-01-01,76.7
2176,TWN,Taiwan,2010-01-01,75.2
2177,TWN,Taiwan,2011-01-01,74.6
2178,TWN,Taiwan,2012-01-01,75.7
2179,TWN,Taiwan,2013-01-01,75.7
2180,TWN,Taiwan,2014-01-01,76.5
2181,TWN,Taiwan,2015-01-01,78.3
2182,TWN,Taiwan,2016-01-01,77.9
2183,TWN,Taiwan,2017-01-01,77.3
2184,TWN,Taiwan,2018-01-01,77.3
2185,TWN,Taiwan,2019-01-01,77.3
2186,TWN,Taiwan,2020-01-01,89.4
2187,TJK,Tajikistan,2006-01-01,24.5
2188,TJK,Tajikistan,2007-01-01,24.5
2189,TJK,Tajikistan,2008-01-01,24.5
2190,TJK,Tajikistan,2009-01-01,24.8
2191,TJK,Tajikistan,2010-01-01,25.1
2192,TJK,Tajikistan,2011-01-01,25.1
2193,TJK,Tajikistan,2012-01-01,25.1
2194,TJK,Tajikistan,2013-01-01,25.1
2195,TJK,Tajikistan,2014-01-01,23.7
2196,TJK,Tajikistan,2015-01-01,19.5
2197,TJK,Tajikistan,2016-01-01,18.9
2198,TJK,Tajikistan,2017-01-01,19.3
2199,TJK,Tajikistan,2018-01-01,19.3
2200,TJK,Tajikistan,2019-01-01,19.3
2201,TJK,Tajikistan,2020-01-01,19.4
2202,TZA,Tanzania,2006-01-01,51.8
2203,TZA,Tanzania,2007-01-01,52.3
2204,TZA,Tanzania,2008-01-01,52.8
2205,TZA,Tanzania,2009-01-01,54.6
2206,TZA,Tanzania,2010-01-01,56.4
2207,TZA,Tanzania,2011-01-01,56.4
2208,TZA,Tanzania,2012-01-01,58.8
2209,TZA,Tanzania,2013-01-01,57.7
2210,TZA,Tanzania,2014-01-01,57.7
2211,TZA,Tanzania,2015-01-01,55.8
2212,TZA,Tanzania,2016-01-01,57.6
2213,TZA,Tanzania,2017-01-01,54.7
2214,TZA,Tanzania,2018-01-01,54.1
2215,TZA,Tanzania,2019-01-01,51.6
2216,TZA,Tanzania,2020-01-01,51.0
2217,THA,Thailand,2006-01-01,56.7
2218,THA,Thailand,2007-01-01,62.4
2219,THA,Thailand,2008-01-01,68.1
2220,THA,Thailand,2009-01-01,66.8
2221,THA,Thailand,2010-01-01,65.5
2222,THA,Thailand,2011-01-01,65.5
2223,THA,Thailand,2012-01-01,65.5
2224,THA,Thailand,2013-01-01,62.5
2225,THA,Thailand,2014-01-01,53.9
2226,THA,Thailand,2015-01-01,50.9
2227,THA,Thailand,2016-01-01,49.2
2228,THA,Thailand,2017-01-01,46.3
2229,THA,Thailand,2018-01-01,46.3
2230,THA,Thailand,2019-01-01,63.2
2231,THA,Thailand,2020-01-01,60.4
2232,TLS,Timor-Leste,2006-01-01,64.1
2233,TLS,Timor-Leste,2007-01-01,68.15
2234,TLS,Timor-Leste,2008-01-01,72.2
2235,TLS,Timor-Leste,2009-01-01,72.2
2236,TLS,Timor-Leste,2010-01-01,72.2
2237,TLS,Timor-Leste,2011-01-01,72.2
2238,TLS,Timor-Leste,2012-01-01,71.6
2239,TLS,Timor-Leste,2013-01-01,72.4
2240,TLS,Timor-Leste,2014-01-01,72.4
2241,TLS,Timor-Leste,2015-01-01,72.4
2242,TLS,Timor-Leste,2016-01-01,72.4
2243,TLS,Timor-Leste,2017-01-01,71.9
2244,TLS,Timor-Leste,2018-01-01,71.9
2245,TLS,Timor-Leste,2019-01-01,71.9
2246,TLS,Timor-Leste,2020-01-01,70.6
2247,TGO,Togo,2006-01-01,17.5
2248,TGO,Togo,2007-01-01,20.9
2249,TGO,Togo,2008-01-01,24.3
2250,TGO,Togo,2009-01-01,29.4
2251,TGO,Togo,2010-01-01,34.5
2252,TGO,Togo,2011-01-01,34.5
2253,TGO,Togo,2012-01-01,34.5
2254,TGO,Togo,2013-01-01,34.5
2255,TGO,Togo,2014-01-01,34.5
2256,TGO,Togo,2015-01-01,34.1
2257,TGO,Togo,2016-01-01,33.2
2258,TGO,Togo,2017-01-01,30.5
2259,TGO,Togo,2018-01-01,31.0
2260,TGO,Togo,2019-01-01,33.0
2261,TGO,Togo,2020-01-01,28.0
2262,TTO,Trinidad and Tobago,2006-01-01,71.8
2263,TTO,Trinidad and Tobago,2007-01-01,71.95
2264,TTO,Trinidad and Tobago,2008-01-01,72.1
2265,TTO,Trinidad and Tobago,2009-01-01,71.85
2266,TTO,Trinidad and Tobago,2010-01-01,71.6
2267,TTO,Trinidad and Tobago,2011-01-01,71.6
2268,TTO,Trinidad and Tobago,2012-01-01,69.9
2269,TTO,Trinidad and Tobago,2013-01-01,69.9
2270,TTO,Trinidad and Tobago,2014-01-01,69.9
2271,TTO,Trinidad and Tobago,2015-01-01,71.0
2272,TTO,Trinidad and Tobago,2016-01-01,71.0
2273,TTO,Trinidad and Tobago,2017-01-01,70.4
2274,TTO,Trinidad and Tobago,2018-01-01,71.6
2275,TTO,Trinidad and Tobago,2019-01-01,71.6
2276,TTO,Trinidad and Tobago,2020-01-01,71.6
2277,TUN,Tunisia,2006-01-01,30.6
2278,TUN,Tunisia,2007-01-01,30.1
2279,TUN,Tunisia,2008-01-01,29.6
2280,TUN,Tunisia,2009-01-01,28.75
2281,TUN,Tunisia,2010-01-01,27.9
2282,TUN,Tunisia,2011-01-01,55.3
2283,TUN,Tunisia,2012-01-01,56.7
2284,TUN,Tunisia,2013-01-01,57.6
2285,TUN,Tunisia,2014-01-01,63.1
2286,TUN,Tunisia,2015-01-01,67.2
2287,TUN,Tunisia,2016-01-01,64.0
2288,TUN,Tunisia,2017-01-01,63.2
2289,TUN,Tunisia,2018-01-01,64.1
2290,TUN,Tunisia,2019-01-01,67.2
2291,TUN,Tunisia,2020-01-01,65.9
2292,TUR,Turkey,2006-01-01,57.0
2293,TUR,Turkey,2007-01-01,56.95
2294,TUR,Turkey,2008-01-01,56.9
2295,TUR,Turkey,2009-01-01,57.1
2296,TUR,Turkey,2010-01-01,57.3
2297,TUR,Turkey,2011-01-01,57.3
2298,TUR,Turkey,2012-01-01,57.6
2299,TUR,Turkey,2013-01-01,56.3
2300,TUR,Turkey,2014-01-01,51.2
2301,TUR,Turkey,2015-01-01,51.2
2302,TUR,Turkey,2016-01-01,50.4
2303,TUR,Turkey,2017-01-01,48.8
2304,TUR,Turkey,2018-01-01,43.7
2305,TUR,Turkey,2019-01-01,40.9
2306,TUR,Turkey,2020-01-01,44.8
2307,TKM,Turkmenistan,2006-01-01,18.3
2308,TKM,Turkmenistan,2007-01-01,17.75
2309,TKM,Turkmenistan,2008-01-01,17.2
2310,TKM,Turkmenistan,2009-01-01,17.2
2311,TKM,Turkmenistan,2010-01-01,17.2
2312,TKM,Turkmenistan,2011-01-01,17.2
2313,TKM,Turkmenistan,2012-01-01,17.2
2314,TKM,Turkmenistan,2013-01-01,17.2
2315,TKM,Turkmenistan,2014-01-01,18.3
2316,TKM,Turkmenistan,2015-01-01,18.3
2317,TKM,Turkmenistan,2016-01-01,18.3
2318,TKM,Turkmenistan,2017-01-01,17.2
2319,TKM,Turkmenistan,2018-01-01,17.2
2320,TKM,Turkmenistan,2019-01-01,17.2
2321,TKM,Turkmenistan,2020-01-01,17.2
2322,UGA,Uganda,2006-01-01,51.4
2323,UGA,Uganda,2007-01-01,50.85
2324,UGA,Uganda,2008-01-01,50.3
2325,UGA,Uganda,2009-01-01,50.4
2326,UGA,Uganda,2010-01-01,50.5
2327,UGA,Uganda,2011-01-01,51.3
2328,UGA,Uganda,2012-01-01,51.6
2329,UGA,Uganda,2013-01-01,52.2
2330,UGA,Uganda,2014-01-01,52.2
2331,UGA,Uganda,2015-01-01,52.2
2332,UGA,Uganda,2016-01-01,52.6
2333,UGA,Uganda,2017-01-01,50.9
2334,UGA,Uganda,2018-01-01,52.0
2335,UGA,Uganda,2019-01-01,50.2
2336,UGA,Uganda,2020-01-01,49.4
2337,UKR,Ukraine,2006-01-01,69.4
2338,UKR,Ukraine,2007-01-01,69.4
2339,UKR,Ukraine,2008-01-01,69.4
2340,UKR,Ukraine,2009-01-01,66.2
2341,UKR,Ukraine,2010-01-01,63.0
2342,UKR,Ukraine,2011-01-01,59.4
2343,UKR,Ukraine,2012-01-01,59.1
2344,UKR,Ukraine,2013-01-01,58.4
2345,UKR,Ukraine,2014-01-01,54.2
2346,UKR,Ukraine,2015-01-01,57.0
2347,UKR,Ukraine,2016-01-01,57.0
2348,UKR,Ukraine,2017-01-01,56.9
2349,UKR,Ukraine,2018-01-01,56.9
2350,UKR,Ukraine,2019-01-01,59.0
2351,ARE,United Arab Emirates,2006-01-01,24.2
2352,ARE,United Arab Emirates,2007-01-01,25.1
2353,ARE,United Arab Emirates,2008-01-01,26.0
2354,ARE,United Arab Emirates,2009-01-01,25.6
2355,ARE,United Arab Emirates,2010-01-01,25.2
2356,ARE,United Arab Emirates,2011-01-01,25.8
2357,ARE,United Arab Emirates,2012-01-01,25.8
2358,ARE,United Arab Emirates,2013-01-01,25.2
2359,ARE,United Arab Emirates,2014-01-01,26.4
2360,ARE,United Arab Emirates,2015-01-01,27.5
2361,ARE,United Arab Emirates,2016-01-01,27.5
2362,ARE,United Arab Emirates,2017-01-01,26.9
2363,ARE,United Arab Emirates,2018-01-01,27.6
2364,ARE,United Arab Emirates,2019-01-01,27.6
2365,ARE,United Arab Emirates,2020-01-01,27.0
2366,GBR,United Kingdom,2006-01-01,80.8
2367,GBR,United Kingdom,2007-01-01,81.15
2368,GBR,United Kingdom,2008-01-01,81.5
2369,GBR,United Kingdom,2009-01-01,81.55
2370,GBR,United Kingdom,2010-01-01,81.6
2371,GBR,United Kingdom,2011-01-01,81.6
2372,GBR,United Kingdom,2012-01-01,82.1
2373,GBR,United Kingdom,2013-01-01,83.1
2374,GBR,United Kingdom,2014-01-01,83.1
2375,GBR,United Kingdom,2015-01-01,83.1
2376,GBR,United Kingdom,2016-01-01,83.6
2377,GBR,United Kingdom,2017-01-01,85.3
2378,GBR,United Kingdom,2018-01-01,85.3
2379,GBR,United Kingdom,2019-01-01,85.2
2380,GBR,United Kingdom,2020-01-01,85.4
2381,USA,United States,2006-01-01,82.2
2382,USA,United States,2007-01-01,82.2
2383,USA,United States,2008-01-01,82.2
2384,USA,United States,2009-01-01,82.0
2385,USA,United States,2010-01-01,81.8
2386,USA,United States,2011-01-01,81.1
2387,USA,United States,2012-01-01,81.1
2388,USA,United States,2013-01-01,81.1
2389,USA,United States,2014-01-01,81.1
2390,USA,United States,2015-01-01,80.5
2391,USA,United States,2016-01-01,79.8
2392,USA,United States,2017-01-01,79.8
2393,USA,United States,2018-01-01,79.6
2394,USA,United States,2019-01-01,79.6
2395,USA,United States,2020-01-01,79.2
2396,URY,Uruguay,2006-01-01,79.6
2397,URY,Uruguay,2007-01-01,80.2
2398,URY,Uruguay,2008-01-01,80.8
2399,URY,Uruguay,2009-01-01,80.9
2400,URY,Uruguay,2010-01-01,81.0
2401,URY,Uruguay,2011-01-01,81.7
2402,URY,Uruguay,2012-01-01,81.7
2403,URY,Uruguay,2013-01-01,81.7
2404,URY,Uruguay,2014-01-01,81.7
2405,URY,Uruguay,2015-01-01,81.7
2406,URY,Uruguay,2016-01-01,81.7
2407,URY,Uruguay,2017-01-01,81.2
2408,URY,Uruguay,2018-01-01,83.8
2409,URY,Uruguay,2019-01-01,83.8
2410,URY,Uruguay,2020-01-01,86.1
2411,UZB,Uzbekistan,2006-01-01,18.5
2412,UZB,Uzbekistan,2007-01-01,17.95
2413,UZB,Uzbekistan,2008-01-01,17.4
2414,UZB,Uzbekistan,2009-01-01,17.4
2415,UZB,Uzbekistan,2010-01-01,17.4
2416,UZB,Uzbekistan,2011-01-01,17.4
2417,UZB,Uzbekistan,2012-01-01,17.2
2418,UZB,Uzbekistan,2013-01-01,17.2
2419,UZB,Uzbekistan,2014-01-01,24.5
2420,UZB,Uzbekistan,2015-01-01,19.5
2421,UZB,Uzbekistan,2016-01-01,19.5
2422,UZB,Uzbekistan,2017-01-01,19.5
2423,UZB,Uzbekistan,2018-01-01,20.1
2424,UZB,Uzbekistan,2019-01-01,20.1
2425,UZB,Uzbekistan,2020-01-01,21.2
2426,VEN,Venezuela,2006-01-01,54.2
2427,VEN,Venezuela,2007-01-01,53.8
2428,VEN,Venezuela,2008-01-01,53.4
2429,VEN,Venezuela,2009-01-01,52.6
2430,VEN,Venezuela,2010-01-01,51.8
2431,VEN,Venezuela,2011-01-01,50.8
2432,VEN,Venezuela,2012-01-01,51.5
2433,VEN,Venezuela,2013-01-01,50.7
2434,VEN,Venezuela,2014-01-01,50.7
2435,VEN,Venezuela,2015-01-01,50.0
2436,VEN,Venezuela,2016-01-01,46.8
2437,VEN,Venezuela,2017-01-01,38.7
2438,VEN,Venezuela,2018-01-01,31.6
2439,VEN,Venezuela,2019-01-01,28.8
2440,VEN,Venezuela,2020-01-01,27.6
2441,VNM,Vietnam,2006-01-01,27.5
2442,VNM,Vietnam,2007-01-01,26.4
2443,VNM,Vietnam,2008-01-01,25.3
2444,VNM,Vietnam,2009-01-01,27.35
2445,VNM,Vietnam,2010-01-01,29.4
2446,VNM,Vietnam,2011-01-01,29.6
2447,VNM,Vietnam,2012-01-01,28.9
2448,VNM,Vietnam,2013-01-01,32.9
2449,VNM,Vietnam,2014-01-01,34.1
2450,VNM,Vietnam,2015-01-01,35.3
2451,VNM,Vietnam,2016-01-01,33.8
2452,VNM,Vietnam,2017-01-01,30.8
2453,VNM,Vietnam,2018-01-01,30.8
2454,VNM,Vietnam,2019-01-01,30.8
2455,VNM,Vietnam,2020-01-01,29.4
2456,YEM,Yemen,2006-01-01,29.8
2457,YEM,Yemen,2007-01-01,29.65
2458,YEM,Yemen,2008-01-01,29.5
2459,YEM,Yemen,2009-01-01,27.95
2460,YEM,Yemen,2010-01-01,26.4
2461,YEM,Yemen,2011-01-01,25.7
2462,YEM,Yemen,2012-01-01,31.2
2463,YEM,Yemen,2013-01-01,27.9
2464,YEM,Yemen,2014-01-01,27.9
2465,YEM,Yemen,2015-01-01,22.4
2466,YEM,Yemen,2016-01-01,20.7
2467,YEM,Yemen,2017-01-01,20.7
2468,YEM,Yemen,2018-01-01,19.5
2469,YEM,Yemen,2019-01-01,19.5
2470,YEM,Yemen,2020-01-01,19.5
2471,ZMB,Zambia,2006-01-01,52.5
2472,ZMB,Zambia,2007-01-01,52.5
2473,ZMB,Zambia,2008-01-01,52.5
2474,ZMB,Zambia,2009-01-01,54.65
2475,ZMB,Zambia,2010-01-01,56.8
2476,ZMB,Zambia,2011-01-01,61.9
2477,ZMB,Zambia,2012-01-01,62.6
2478,ZMB,Zambia,2013-01-01,62.6
2479,ZMB,Zambia,2014-01-01,63.9
2480,ZMB,Zambia,2015-01-01,62.8
2481,ZMB,Zambia,2016-01-01,59.9
2482,ZMB,Zambia,2017-01-01,56.8
2483,ZMB,Zambia,2018-01-01,56.1
2484,ZMB,Zambia,2019-01-01,50.9
2485,ZMB,Zambia,2020-01-01,48.6
2486,ZWE,Zimbabwe,2006-01-01,26.2
2487,ZWE,Zimbabwe,2007-01-01,25.75
2488,ZWE,Zimbabwe,2008-01-01,25.3
2489,ZWE,Zimbabwe,2009-01-01,25.85
2490,ZWE,Zimbabwe,2010-01-01,26.4
2491,ZWE,Zimbabwe,2011-01-01,26.8
2492,ZWE,Zimbabwe,2012-01-01,26.7
2493,ZWE,Zimbabwe,2013-01-01,26.7
2494,ZWE,Zimbabwe,2014-01-01,27.8
2495,ZWE,Zimbabwe,2015-01-01,30.5
2496,ZWE,Zimbabwe,2016-01-01,30.5
2497,ZWE,Zimbabwe,2017-01-01,31.6
2498,ZWE,Zimbabwe,2018-01-01,31.6
2499,ZWE,Zimbabwe,2019-01-01,31.6
2500,ZWE,Zimbabwe,2020-01-01,31.6
